H_bin    , Gene , Feature     , Region    , Orientation, Step, Pearson_r            , P_value                , CI_low                 , CI_high              , N_windows, Sliding_file                                                    , P_Bonferroni           , Reject_Bonferroni, P_Holm                 , Reject_Holm, P_FDR_BH               , Reject_FDR_BH
0.50-0.56, ASH1L, EXON_MANE   , full      , genomic    ,   10, -0.03319367215969305 , 8.506424747934586e-07  , -0.04639052998473418   , -0.019985229596445202,     21990, sliding_ASH1L_EXON_MANE_win10k_step10_full_genomic.csv          , 0.00017012849495869173 , True             , 1.5311564546282257e-05 , True       , 9.296639068780968e-07  , True
0.50-0.56, ASH1L, EXON_MANE   , full      , reversed   ,   10, 0.5026673296618853   , 0.0                    , 0.49272370633597257    , 0.5124796969524339   ,     21990, sliding_ASH1L_EXON_MANE_win10k_step10_full_reversed.csv         , 0.0                    , True             , 0.0                    , True       , 0.0                    , True
0.50-0.56, ASH1L, EXON_MANE   , winTrim500, genomic    ,   10, -0.022591278872972076, 0.0008072302404569968  , -0.0357978005137685    , -0.00937686810843719 ,     21990, sliding_ASH1L_EXON_MANE_win10k_step10_winTrim500_genomic.csv    , 0.16144604809139937    , False            , 0.008879532645026965   , True       , 0.0008497160425863124  , True
0.50-0.56, ASH1L, EXON_MANE   , winTrim500, reversed   ,   10, 0.504138645864595    , 0.0                    , 0.4942145382571827     , 0.5139313741478417   ,     21990, sliding_ASH1L_EXON_MANE_win10k_step10_winTrim500_reversed.csv   , 0.0                    , True             , 0.0                    , True       , 0.0                    , True
0.50-0.56, ASH1L, EXON_UNION  , full      , genomic    ,   10, -0.09622754508134701 , 2.1262778160917982e-46 , -0.10930573415773405   , -0.08311604639568772 ,     21990, sliding_ASH1L_EXON_UNION_win10k_step10_full_genomic.csv         , 4.2525556321835964e-44 , True             , 1.5521828057470127e-44 , True       , 3.3223090876434347e-46 , True
0.50-0.56, ASH1L, EXON_UNION  , full      , reversed   ,   10, 0.46610890321860016  , 0.0                    , 0.4556990995921358     , 0.47639122967616593  ,     21990, sliding_ASH1L_EXON_UNION_win10k_step10_full_reversed.csv        , 0.0                    , True             , 0.0                    , True       , 0.0                    , True
0.50-0.56, ASH1L, EXON_UNION  , winTrim500, genomic    ,   10, -0.08435445781821779 , 5.079599112494474e-36  , -0.09746300396729345   , -0.07121664880365394 ,     21990, sliding_ASH1L_EXON_UNION_win10k_step10_winTrim500_genomic.csv   , 1.0159198224988948e-33 , True             , 2.8445755029969057e-34 , True       , 7.006343603440654e-36  , True
0.50-0.56, ASH1L, EXON_UNION  , winTrim500, reversed   ,   10, 0.46825533548032533  , 0.0                    , 0.45787190754001533    , 0.4785110273016097   ,     21990, sliding_ASH1L_EXON_UNION_win10k_step10_winTrim500_reversed.csv  , 0.0                    , True             , 0.0                    , True       , 0.0                    , True
0.50-0.56, ASH1L, INTRON_MANE , full      , genomic    ,   10, 0.03905292996714857  , 6.9119699904966564e-09 , 0.025849061859926994   , 0.05224317420424875  ,     21990, sliding_ASH1L_INTRON_MANE_win10k_step10_full_genomic.csv        , 1.3823939980993313e-06 , True             , 1.6588727977191975e-07 , True       , 7.810135582482098e-09  , True
0.50-0.56, ASH1L, INTRON_MANE , full      , reversed   ,   10, -0.4887847084306569  , 0.0                    , -0.4987796179648606    , -0.47865981753231784 ,     21990, sliding_ASH1L_INTRON_MANE_win10k_step10_full_reversed.csv       , 0.0                    , True             , 0.0                    , True       , 0.0                    , True
0.50-0.56, ASH1L, INTRON_MANE , winTrim500, genomic    ,   10, 0.024684040200349235 , 0.0002514757982990932  , 0.011470571883931746   , 0.03788888943080041  ,     21990, sliding_ASH1L_INTRON_MANE_win10k_step10_winTrim500_genomic.csv  , 0.050295159659818636   , False            , 0.0035206611761873048  , True       , 0.00026895807304715846 , True
0.50-0.56, ASH1L, INTRON_MANE , winTrim500, reversed   ,   10, -0.49912740243560483 , 0.0                    , -0.5089867905626484    , -0.4891370642345306  ,     21990, sliding_ASH1L_INTRON_MANE_win10k_step10_winTrim500_reversed.csv , 0.0                    , True             , 0.0                    , True       , 0.0                    , True
0.50-0.56, ASH1L, INTRON_UNION, full      , genomic    ,   10, 0.04820352673297157  , 8.560718025568814e-13  , 0.035008620652952974   , 0.061381630142289624 ,     21990, sliding_ASH1L_INTRON_UNION_win10k_step10_full_genomic.csv       , 1.712143605113763e-10  , True             , 2.4826082274149562e-11 , True       , 9.954323285545133e-13  , True
0.50-0.56, ASH1L, INTRON_UNION, full      , reversed   ,   10, -0.491176922149143   , 0.0                    , -0.5011407327427708    , -0.48108289630519424 ,     21990, sliding_ASH1L_INTRON_UNION_win10k_step10_full_reversed.csv      , 0.0                    , True             , 0.0                    , True       , 0.0                    , True
0.50-0.56, ASH1L, INTRON_UNION, winTrim500, genomic    ,   10, 0.03442373797312058  , 3.291752171303803e-07  , 0.021216180395642936   , 0.047619282514170705 ,     21990, sliding_ASH1L_INTRON_UNION_win10k_step10_winTrim500_genomic.csv , 6.583504342607606e-05  , True             , 6.254329125477225e-06  , True       , 3.617310078355827e-07  , True
0.50-0.56, ASH1L, INTRON_UNION, winTrim500, reversed   ,   10, -0.4976696764401354  , 0.0                    , -0.5075483331443973    , -0.4876601994719204  ,     21990, sliding_ASH1L_INTRON_UNION_win10k_step10_winTrim500_reversed.csv, 0.0                    , True             , 0.0                    , True       , 0.0                    , True
0.50-0.56, ASH1L, REG_ALL     , full      , genomic    ,   10, 0.23959864149973148  , 1.1717179933374226e-284, 0.22710061894110922    , 0.252017755828556    ,     21990, sliding_ASH1L_REG_ALL_win10k_step10_full_genomic.csv            , 2.3434359866748454e-282, True             , 1.5935364709388947e-282, True       , 3.6052861333459155e-284, True
0.50-0.56, ASH1L, REG_ALL     , full      , reversed   ,   10, -0.2934682475559591  , 0.0                    , -0.3055004732912292    , -0.2813423163972786  ,     21990, sliding_ASH1L_REG_ALL_win10k_step10_full_reversed.csv           , 0.0                    , True             , 0.0                    , True       , 0.0                    , True
0.50-0.56, ASH1L, REG_ALL     , winTrim500, genomic    ,   10, 0.238752652807004    , 1.3176281177634386e-282, 0.22624940476867655    , 0.25117723747705517  ,     21990, sliding_ASH1L_REG_ALL_win10k_step10_winTrim500_genomic.csv      , 2.635256235526877e-280 , True             , 1.778797958980642e-280 , True       , 3.992812478071026e-282 , True
0.50-0.56, ASH1L, REG_ALL     , winTrim500, reversed   ,   10, -0.28092266690060264 , 0.0                    , -0.29305177218792794   , -0.26870315485474194 ,     21990, sliding_ASH1L_REG_ALL_win10k_step10_winTrim500_reversed.csv     , 0.0                    , True             , 0.0                    , True       , 0.0                    , True
0.50-0.56, NSD1 , EXON_MANE   , full      , genomic    ,   10, 0.5150443102089886   , 0.0                    , 0.5035835398945017     , 0.5263238413585535   ,     16043, sliding_NSD1_EXON_MANE_win10k_step10_full_genomic.csv           , 0.0                    , True             , 0.0                    , True       , 0.0                    , True
0.50-0.56, NSD1 , EXON_MANE   , full      , reversed   ,   10, 0.13900780087077647  , 4.881097082434803e-70  , 0.12379979221097143    , 0.15415052360361528  ,     16043, sliding_NSD1_EXON_MANE_win10k_step10_full_reversed.csv          , 9.762194164869607e-68  , True             , 4.441798345015671e-68  , True       , 8.874721968063278e-70  , True
0.50-0.56, NSD1 , EXON_MANE   , winTrim500, genomic    ,   10, 0.5130138544272087   , 0.0                    , 0.5015208871289673     , 0.524325784263534    ,     16043, sliding_NSD1_EXON_MANE_win10k_step10_winTrim500_genomic.csv     , 0.0                    , True             , 0.0                    , True       , 0.0                    , True
0.50-0.56, NSD1 , EXON_MANE   , winTrim500, reversed   ,   10, 0.13240647754665497  , 1.1684306761943455e-63 , 0.11717224344965284    , 0.14757841248544964  ,     16043, sliding_NSD1_EXON_MANE_win10k_step10_winTrim500_reversed.csv    , 2.336861352388691e-61  , True             , 1.028218995051024e-61  , True       , 2.0680188959191957e-63 , True
0.50-0.56, NSD1 , EXON_UNION  , full      , genomic    ,   10, 0.39317899051544614  , 0.0                    , 0.3800167700862594     , 0.4061820170592295   ,     16043, sliding_NSD1_EXON_UNION_win10k_step10_full_genomic.csv          , 0.0                    , True             , 0.0                    , True       , 0.0                    , True
0.50-0.56, NSD1 , EXON_UNION  , full      , reversed   ,   10, 0.2727171602758732   , 1.4358655545867422e-271, 0.25833304583790984    , 0.28698037983108426  ,     16043, sliding_NSD1_EXON_UNION_win10k_step10_full_reversed.csv         , 2.8717311091734843e-269, True             , 1.8809838765086323e-269, True       , 4.102473013104978e-271 , True
0.50-0.56, NSD1 , EXON_UNION  , winTrim500, genomic    ,   10, 0.38222191236651254  , 0.0                    , 0.3689296829731861     , 0.3953578293260457   ,     16043, sliding_NSD1_EXON_UNION_win10k_step10_winTrim500_genomic.csv    , 0.0                    , True             , 0.0                    , True       , 0.0                    , True
0.50-0.56, NSD1 , EXON_UNION  , winTrim500, reversed   ,   10, 0.2743852210855881   , 5.230377518431794e-275 , 0.26001491585065617    , 0.2886340118864403   ,     16043, sliding_NSD1_EXON_UNION_win10k_step10_winTrim500_reversed.csv   , 1.0460755036863588e-272, True             , 6.904098324329968e-273 , True       , 1.5160514546179115e-274, True
0.50-0.56, NSD1 , INTRON_MANE , full      , genomic    ,   10, -0.5251051770493781  , 0.0                    , -0.5362223358996228    , -0.5138058700831012  ,     16043, sliding_NSD1_INTRON_MANE_win10k_step10_full_genomic.csv         , 0.0                    , True             , 0.0                    , True       , 0.0                    , True
0.50-0.56, NSD1 , INTRON_MANE , full      , reversed   ,   10, -0.21086843272228084 , 1.0984196055683919e-160, -0.22560657688340652   , -0.19603379128697979 ,     16043, sliding_NSD1_INTRON_MANE_win10k_step10_full_reversed.csv        , 2.196839211136784e-158 , True             , 1.2961351345707024e-158, True       , 2.646794230285282e-160 , True
0.50-0.56, NSD1 , INTRON_MANE , winTrim500, genomic    ,   10, -0.5198940011518354  , 0.0                    , -0.5310956448476195    , -0.508510661263629   ,     16043, sliding_NSD1_INTRON_MANE_win10k_step10_winTrim500_genomic.csv   , 0.0                    , True             , 0.0                    , True       , 0.0                    , True
0.50-0.56, NSD1 , INTRON_MANE , winTrim500, reversed   ,   10, -0.18819362915157867 , 8.324137131593462e-128 , -0.20307654464704286   , -0.17322377743620646 ,     16043, sliding_NSD1_INTRON_MANE_win10k_step10_winTrim500_reversed.csv  , 1.6648274263186925e-125, True             , 9.239792216068742e-126 , True       , 1.8498082514652138e-127, True
0.50-0.56, NSD1 , INTRON_UNION, full      , genomic    ,   10, -0.4918910993029245  , 0.0                    , -0.5035326806121697    , -0.4800709348228155  ,     16043, sliding_NSD1_INTRON_UNION_win10k_step10_full_genomic.csv        , 0.0                    , True             , 0.0                    , True       , 0.0                    , True
0.50-0.56, NSD1 , INTRON_UNION, full      , reversed   ,   10, -0.20041652643746968 , 4.988306593015283e-145 , -0.21522336084958313   , -0.18551756523085633 ,     16043, sliding_NSD1_INTRON_UNION_win10k_step10_full_reversed.csv       , 9.976613186030567e-143 , True             , 5.63678645010727e-143  , True       , 1.1337060438671099e-144, True
0.50-0.56, NSD1 , INTRON_UNION, winTrim500, genomic    ,   10, -0.48903880046390347 , 0.0                    , -0.5007238622093476    , -0.4771755358855018  ,     16043, sliding_NSD1_INTRON_UNION_win10k_step10_winTrim500_genomic.csv  , 0.0                    , True             , 0.0                    , True       , 0.0                    , True
0.50-0.56, NSD1 , INTRON_UNION, winTrim500, reversed   ,   10, -0.1822225847321072  , 8.169542877310217e-120 , -0.1971410009085649    , -0.16721979769150794 ,     16043, sliding_NSD1_INTRON_UNION_win10k_step10_winTrim500_reversed.csv , 1.6339085754620436e-117, True             , 8.904801736268138e-118 , True       , 1.7759875820239603e-119, True
0.50-0.56, NSD1 , REG_ALL     , full      , genomic    ,   10, 0.13186462871079646  , 3.7758964842022664e-63 , 0.11662830223587692    , 0.1470389019343755   ,     16043, sliding_NSD1_REG_ALL_win10k_step10_full_genomic.csv             , 7.551792968404532e-61  , True             , 3.2850299412559716e-61 , True       , 6.624379796846082e-63  , True
0.50-0.56, NSD1 , REG_ALL     , full      , reversed   ,   10, 0.34083502232559726  , 0.0                    , 0.32708582571500133    , 0.3544399482018826   ,     16043, sliding_NSD1_REG_ALL_win10k_step10_full_reversed.csv            , 0.0                    , True             , 0.0                    , True       , 0.0                    , True
0.50-0.56, NSD1 , REG_ALL     , winTrim500, genomic    ,   10, 0.1213027848446368   , 1.1991756901472808e-53 , 0.10602749844195594    , 0.13652083292052494  ,     16043, sliding_NSD1_REG_ALL_win10k_step10_winTrim500_genomic.csv       , 2.3983513802945614e-51 , True             , 1.0073075797237158e-51 , True       , 2.0498729746107365e-53 , True
0.50-0.56, NSD1 , REG_ALL     , winTrim500, reversed   ,   10, 0.3140757201942746   , 0.0                    , 0.30005973370243416    , 0.3279561272987434   ,     16043, sliding_NSD1_REG_ALL_win10k_step10_winTrim500_reversed.csv      , 0.0                    , True             , 0.0                    , True       , 0.0                    , True
0.50-0.56, NSD2 , EXON_MANE   , full      , genomic    ,   10, 0.07510754961774087  , 1.910816701254972e-14  , 0.0559365743682641     , 0.09422316399671905  ,     10365, sliding_NSD2_EXON_MANE_win10k_step10_full_genomic.csv           , 3.8216334025099435e-12 , True             , 5.923531773890413e-13  , True       , 2.2480196485352612e-14 , True
0.50-0.56, NSD2 , EXON_MANE   , full      , reversed   ,   10, -0.14748581433972455 , 1.7169311994635744e-51 , -0.16626558115279508   , -0.12859909822468107 ,     10365, sliding_NSD2_EXON_MANE_win10k_step10_full_reversed.csv          , 3.433862398927149e-49  , True             , 1.3907142715654952e-49 , True       , 2.8615519991059576e-51 , True
0.50-0.56, NSD2 , EXON_MANE   , winTrim500, genomic    ,   10, 0.08207296357215714  , 5.818307209173212e-17  , 0.06292052429703308    , 0.10116497443681645  ,     10365, sliding_NSD2_EXON_MANE_win10k_step10_winTrim500_genomic.csv     , 1.1636614418346423e-14 , True             , 1.8618583069354278e-15 , True       , 6.885570661743446e-17  , True
0.50-0.56, NSD2 , EXON_MANE   , winTrim500, reversed   ,   10, -0.13159730207082887 , 2.8900319269502035e-41 , -0.15046794994016355   , -0.11263079405162135 ,     10365, sliding_NSD2_EXON_MANE_win10k_step10_winTrim500_reversed.csv    , 5.780063853900407e-39  , True             , 1.8496204332481302e-39 , True       , 4.2190247108762093e-41 , True
0.50-0.56, NSD2 , EXON_UNION  , full      , genomic    ,   10, -0.5138374768260706  , 0.0                    , -0.5278674968706236    , -0.49952710438651543 ,     10365, sliding_NSD2_EXON_UNION_win10k_step10_full_genomic.csv          , 0.0                    , True             , 0.0                    , True       , 0.0                    , True
0.50-0.56, NSD2 , EXON_UNION  , full      , reversed   ,   10, 0.29730055211663303  , 1.5038005549072472e-210, 0.27964929210470196    , 0.31475090496539065  ,     10365, sliding_NSD2_EXON_UNION_win10k_step10_full_reversed.csv         , 3.0076011098144943e-208, True             , 1.909826704732204e-208 , True       , 4.064325824073641e-210 , True
0.50-0.56, NSD2 , EXON_UNION  , winTrim500, genomic    ,   10, -0.49723626452508735 , 0.0                    , -0.5115908054583841    , -0.48260424330202595 ,     10365, sliding_NSD2_EXON_UNION_win10k_step10_winTrim500_genomic.csv    , 0.0                    , True             , 0.0                    , True       , 0.0                    , True
0.50-0.56, NSD2 , EXON_UNION  , winTrim500, reversed   ,   10, 0.28428188676201643  , 6.446451085789874e-192 , 0.2664885089075576     , 0.30188156006446937  ,     10365, sliding_NSD2_EXON_UNION_win10k_step10_winTrim500_reversed.csv   , 1.2892902171579748e-189, True             , 7.929134835521545e-190 , True       , 1.6529361758435572e-191, True
0.50-0.56, NSD2 , INTRON_MANE , full      , genomic    ,   10, -0.0508013382059774  , 2.2823732574256842e-07 , -0.06998474900268228   , -0.03158036715138603 ,     10365, sliding_NSD2_INTRON_MANE_win10k_step10_full_genomic.csv         , 4.5647465148513685e-05 , True             , 4.5647465148513685e-06 , True       , 2.5219594004703694e-07 , True
0.50-0.56, NSD2 , INTRON_MANE , full      , reversed   ,   10, 0.13430941734528135  , 6.310819785687368e-43  , 0.11535583630396205    , 0.15316523440907276  ,     10365, sliding_NSD2_INTRON_MANE_win10k_step10_full_reversed.csv        , 1.2621639571374736e-40 , True             , 4.165141058553663e-41  , True       , 9.349362645462766e-43  , True
0.50-0.56, NSD2 , INTRON_MANE , winTrim500, genomic    ,   10, -0.06747495697201442 , 6.132249168818665e-12  , -0.08661430070421297   , -0.048285823849185554,     10365, sliding_NSD2_INTRON_MANE_win10k_step10_winTrim500_genomic.csv   , 1.2264498337637331e-09 , True             , 1.7170297672692262e-10 , True       , 7.0893053974782256e-12 , True
0.50-0.56, NSD2 , INTRON_MANE , winTrim500, reversed   ,   10, 0.12269622177295564  , 4.658924756926862e-36  , 0.1036892920873296     , 0.14161356937971722  ,     10365, sliding_NSD2_INTRON_MANE_win10k_step10_winTrim500_reversed.csv  , 9.317849513853724e-34  , True             , 2.6555871114483113e-34 , True       , 6.470728829065087e-36  , True
0.50-0.56, NSD2 , INTRON_UNION, full      , genomic    ,   10, -0.1350250425921497  , 2.270193188477053e-43  , -0.1538768995196234    , -0.11607492006737853 ,     10365, sliding_NSD2_INTRON_UNION_win10k_step10_full_genomic.csv        , 4.5403863769541064e-41 , True             , 1.5664333000491666e-41 , True       , 3.439686649207656e-43  , True
0.50-0.56, NSD2 , INTRON_UNION, full      , reversed   ,   10, 0.26146752633924514  , 1.3263120050367602e-161, 0.24344108709332682    , 0.27931339388092125  ,     10365, sliding_NSD2_INTRON_UNION_win10k_step10_full_reversed.csv       , 2.6526240100735203e-159, True             , 1.5783112859937446e-159, True       , 3.234907329357952e-161 , True
0.50-0.56, NSD2 , INTRON_UNION, winTrim500, genomic    ,   10, -0.15808593850713842 , 5.514215240476018e-59  , -0.17679971506957348   , -0.13925790540187516 ,     10365, sliding_NSD2_INTRON_UNION_win10k_step10_winTrim500_genomic.csv  , 1.1028430480952035e-56 , True             , 4.7422251068093754e-57 , True       , 9.589939548653944e-59  , True
0.50-0.56, NSD2 , INTRON_UNION, winTrim500, reversed   ,   10, 0.25789129301788283  , 4.077887869271486e-157 , 0.23983016524739825    , 0.27577396391231807  ,     10365, sliding_NSD2_INTRON_UNION_win10k_step10_winTrim500_reversed.csv , 8.155775738542972e-155 , True             , 4.771128807047639e-155 , True       , 9.709256831598777e-157 , True
0.50-0.56, NSD2 , REG_ALL     , full      , genomic    ,   10, 0.021814431439959592 , 0.02635813583074541    , 0.002563650803234424   , 0.041049049428444215 ,     10365, sliding_NSD2_REG_ALL_win10k_step10_full_genomic.csv             , 1.0                    , False            , 0.2372232224767087     , False      , 0.027456391490359805   , True
0.50-0.56, NSD2 , REG_ALL     , full      , reversed   ,   10, -0.1809115417513301  , 5.666989323140142e-77  , -0.19946867295347348   , -0.16222469412161908 ,     10365, sliding_NSD2_REG_ALL_win10k_step10_full_reversed.csv            , 1.1333978646280284e-74 , True             , 5.553649536677339e-75  , True       , 1.1003862763378916e-76 , True
0.50-0.56, NSD2 , REG_ALL     , winTrim500, genomic    ,   10, 0.026043542070357084 , 0.008011431887234861   , 0.006795091749153264   , 0.04527270023598801  ,     10365, sliding_NSD2_REG_ALL_win10k_step10_winTrim500_genomic.csv       , 1.0                    , False            , 0.08011431887234861    , False      , 0.008388933913334933   , True
0.50-0.56, NSD2 , REG_ALL     , winTrim500, reversed   ,   10, -0.17972836534973471 , 5.606081304717938e-76  , -0.19829410424863556   , -0.16103370155110225 ,     10365, sliding_NSD2_REG_ALL_win10k_step10_winTrim500_reversed.csv      , 1.1212162609435876e-73 , True             , 5.4378988655764e-74    , True       , 1.0780925585996035e-75 , True
0.50-0.56, NSD3 , EXON_MANE   , full      , genomic    ,   10, 0.10245126235107271  , 8.322869182416878e-26  , 0.0834490599634084     , 0.12137898602008455  ,     10458, sliding_NSD3_EXON_MANE_win10k_step10_full_genomic.csv           , 1.6645738364833755e-23 , True             , 3.41237636479092e-24   , True       , 1.0403586478021098e-25 , True
0.50-0.56, NSD3 , EXON_MANE   , full      , reversed   ,   10, 0.1347491493835926   , 1.4307405249320655e-43 , 0.11588236650782624    , 0.15351873218476458  ,     10458, sliding_NSD3_EXON_MANE_win10k_step10_full_reversed.csv          , 2.861481049864131e-41  , True             , 1.0015183674524458e-41 , True       , 2.184336679285596e-43  , True
0.50-0.56, NSD3 , EXON_MANE   , winTrim500, genomic    ,   10, 0.09584658907324986  , 8.951114723283163e-23  , 0.0768216486726581     , 0.11480175994643184  ,     10458, sliding_NSD3_EXON_MANE_win10k_step10_winTrim500_genomic.csv     , 1.7902229446566328e-20 , True             , 3.2224013003819387e-21 , True       , 1.0849836028222018e-22 , True
0.50-0.56, NSD3 , EXON_MANE   , winTrim500, reversed   ,   10, 0.1203527040105779   , 4.79672561306157e-35   , 0.10142058770311439    , 0.1391976803753293   ,     10458, sliding_NSD3_EXON_MANE_win10k_step10_winTrim500_reversed.csv    , 9.593451226123139e-33  , True             , 2.5902318310532475e-33 , True       , 6.526157296682408e-35  , True
0.50-0.56, NSD3 , EXON_UNION  , full      , genomic    ,   10, 0.20129859169591566  , 4.662237547088708e-96  , 0.18283793707618295    , 0.21961734762516755  ,     10458, sliding_NSD3_EXON_UNION_win10k_step10_full_genomic.csv          , 9.324475094177416e-94  , True             , 4.988594175384918e-94  , True       , 9.91965435550789e-96   , True
0.50-0.56, NSD3 , EXON_UNION  , full      , reversed   ,   10, 0.288927627465919    , 3.2444829411425946e-200, 0.2712637168273936     , 0.3063969839560462   ,     10458, sliding_NSD3_EXON_UNION_win10k_step10_full_reversed.csv         , 6.488965882285189e-198 , True             , 4.0556036764282436e-198, True       , 8.538113003006828e-200 , True
0.50-0.56, NSD3 , EXON_UNION  , winTrim500, genomic    ,   10, 0.18800397225500765  , 8.179202016789249e-84  , 0.16944848336154458    , 0.20642621942855133  ,     10458, sliding_NSD3_EXON_UNION_win10k_step10_winTrim500_genomic.csv    , 1.6358404033578498e-81 , True             , 8.179202016789249e-82  , True       , 1.6196439637206434e-83 , True
0.50-0.56, NSD3 , EXON_UNION  , winTrim500, reversed   ,   10, 0.27527281004899595  , 3.447954488308357e-181 , 0.25746510720846827    , 0.29289359587793307  ,     10458, sliding_NSD3_EXON_UNION_win10k_step10_winTrim500_reversed.csv   , 6.895908976616714e-179 , True             , 4.206504475736196e-179 , True       , 8.728998704578119e-181 , True
0.50-0.56, NSD3 , INTRON_MANE , full      , genomic    ,   10, -0.10242428340814419 , 8.571726103705885e-26  , -0.12135212257464108   , -0.0834219847200302  ,     10458, sliding_NSD3_INTRON_MANE_win10k_step10_full_genomic.csv         , 1.714345220741177e-23  , True             , 3.428690441482354e-24  , True       , 1.0648106961125323e-25 , True
0.50-0.56, NSD3 , INTRON_MANE , full      , reversed   ,   10, -0.1339413150710989  , 4.571205514607957e-43  , -0.1527153372205095    , -0.1150706542194034  ,     10458, sliding_NSD3_INTRON_MANE_win10k_step10_full_reversed.csv        , 9.142411029215914e-41  , True             , 3.062707694787331e-41  , True       , 6.822694797922323e-43  , True
0.50-0.56, NSD3 , INTRON_MANE , winTrim500, genomic    ,   10, -0.09580949347544598 , 9.29680660278262e-23   , -0.11476481381382321   , -0.07678443011237006 ,     10458, sliding_NSD3_INTRON_MANE_win10k_step10_winTrim500_genomic.csv   , 1.859361320556524e-20  , True             , 3.253882310973917e-21  , True       , 1.120097181058147e-22  , True
0.50-0.56, NSD3 , INTRON_MANE , winTrim500, reversed   ,   10, -0.12015546003879687 , 6.179280330375403e-35  , -0.13900141460690005   , -0.10122250415395154 ,     10458, sliding_NSD3_INTRON_MANE_win10k_step10_winTrim500_reversed.csv  , 1.2358560660750806e-32 , True             , 3.2750185750989636e-33 , True       , 8.350378824831626e-35  , True
0.50-0.56, NSD3 , INTRON_UNION, full      , genomic    ,   10, -0.1481428581652645  , 2.1672916727460105e-52 , -0.16683522228119008   , -0.12934404477959993 ,     10458, sliding_NSD3_INTRON_UNION_win10k_step10_full_genomic.csv        , 4.334583345492021e-50  , True             , 1.7771791716517286e-50 , True       , 3.642507013018505e-52  , True
0.50-0.56, NSD3 , INTRON_UNION, full      , reversed   ,   10, -0.11719289664848184 , 2.6361182821963793e-33 , -0.1360533655011602    , -0.09824751107145872 ,     10458, sliding_NSD3_INTRON_UNION_win10k_step10_full_reversed.csv       , 5.272236564392758e-31  , True             , 1.2916979582762258e-31 , True       , 3.468576687100499e-33  , True
0.50-0.56, NSD3 , INTRON_UNION, winTrim500, genomic    ,   10, -0.14309424944622812 , 5.77549079630844e-49   , -0.16181652091881507   , -0.12426900190363942 ,     10458, sliding_NSD3_INTRON_UNION_win10k_step10_winTrim500_genomic.csv  , 1.155098159261688e-46  , True             , 4.447127913157498e-47  , True       , 9.315307735981355e-49  , True
0.50-0.56, NSD3 , INTRON_UNION, winTrim500, reversed   ,   10, -0.10310550547132741 , 4.063979492249339e-26  , -0.12203041982157474   , -0.08410564697245602 ,     10458, sliding_NSD3_INTRON_UNION_win10k_step10_winTrim500_reversed.csv , 8.127958984498678e-24  , True             , 1.7068713867447226e-24 , True       , 5.11192388962181e-26   , True
0.50-0.56, NSD3 , REG_ALL     , full      , genomic    ,   10, 0.11539642214409876  , 2.4507187790131714e-32 , 0.09644366421444649    , 0.1342655296442442   ,     10458, sliding_NSD3_REG_ALL_win10k_step10_full_genomic.csv             , 4.901437558026343e-30  , True             , 1.1518378261361905e-30 , True       , 3.1827516610560664e-32 , True
0.50-0.56, NSD3 , REG_ALL     , full      , reversed   ,   10, -0.007963825748982363, 0.41545527918116776    , -0.027125747302367137  , 0.011203946263973431 ,     10458, sliding_NSD3_REG_ALL_win10k_step10_full_reversed.csv            , 1.0                    , False            , 1.0                    , False      , 0.4175429941519274     , False
0.50-0.56, NSD3 , REG_ALL     , winTrim500, genomic    ,   10, 0.09107001515410677  , 1.0438369263510464e-20 , 0.07202967771395656    , 0.11004400035994363  ,     10458, sliding_NSD3_REG_ALL_win10k_step10_winTrim500_genomic.csv       , 2.0876738527020926e-18 , True             , 3.5490455495935576e-19 , True       , 1.2501041034144268e-20 , True
0.50-0.56, NSD3 , REG_ALL     , winTrim500, reversed   ,   10, -0.01725546037405407 , 0.07764125837776953    , -0.03640948095548621   , 0.0019112336042678157,     10458, sliding_NSD3_REG_ALL_win10k_step10_winTrim500_reversed.csv      , 1.0                    , False            , 0.46584755026661717    , False      , 0.07963205987463541    , False
0.50-0.56, SETD2, EXON_MANE   , full      , genomic    ,   10, -0.1710116805326767  , 3.762606619406312e-92  , -0.18706452513734287   , -0.15486752696432174 ,     13969, sliding_SETD2_EXON_MANE_win10k_step10_full_genomic.csv          , 7.525213238812624e-90  , True             , 3.988363016570691e-90  , True       , 7.921277093486973e-92  , True
0.50-0.56, SETD2, EXON_MANE   , full      , reversed   ,   10, 0.5045721715326382   , 0.0                    , 0.4921065216479982     , 0.5168309399286046   ,     13969, sliding_SETD2_EXON_MANE_win10k_step10_full_reversed.csv         , 0.0                    , True             , 0.0                    , True       , 0.0                    , True
0.50-0.56, SETD2, EXON_MANE   , winTrim500, genomic    ,   10, -0.15482287125613337 , 1.1322330208342834e-75 , -0.1709672655004736    , -0.13859536274068954 ,     13969, sliding_SETD2_EXON_MANE_win10k_step10_winTrim500_genomic.csv    , 2.264466041668567e-73  , True             , 1.086943700000912e-73  , True       , 2.156634325398635e-75  , True
0.50-0.56, SETD2, EXON_MANE   , winTrim500, reversed   ,   10, 0.4954104274143024   , 0.0                    , 0.4827934988644807     , 0.5078217348816433   ,     13969, sliding_SETD2_EXON_MANE_win10k_step10_winTrim500_reversed.csv   , 0.0                    , True             , 0.0                    , True       , 0.0                    , True
0.50-0.56, SETD2, EXON_UNION  , full      , genomic    ,   10, -0.12589426776062765 , 1.8749226782369343e-50 , -0.1421807796160434    , -0.10953960934594094 ,     13969, sliding_SETD2_EXON_UNION_win10k_step10_full_genomic.csv         , 3.7498453564738685e-48 , True             , 1.481188915807178e-48  , True       , 3.0736437348146466e-50 , True
0.50-0.56, SETD2, EXON_UNION  , full      , reversed   ,   10, 0.3989096796361935   , 0.0                    , 0.38487236026806393    , 0.4127624985253844   ,     13969, sliding_SETD2_EXON_UNION_win10k_step10_full_reversed.csv        , 0.0                    , True             , 0.0                    , True       , 0.0                    , True
0.50-0.56, SETD2, EXON_UNION  , winTrim500, genomic    ,   10, -0.11318468096957904 , 4.660979863775032e-41  , -0.12952491473502337   , -0.09678299123148126 ,     13969, sliding_SETD2_EXON_UNION_win10k_step10_winTrim500_genomic.csv   , 9.321959727550063e-39  , True             , 2.93641731417827e-39   , True       , 6.75504328083338e-41   , True
0.50-0.56, SETD2, EXON_UNION  , winTrim500, reversed   ,   10, 0.3914364494057605   , 0.0                    , 0.377302292559684      , 0.40538829083936095  ,     13969, sliding_SETD2_EXON_UNION_win10k_step10_winTrim500_reversed.csv  , 0.0                    , True             , 0.0                    , True       , 0.0                    , True
0.50-0.56, SETD2, INTRON_MANE , full      , genomic    ,   10, 0.16368028329366036  , 1.782149873747781e-84  , 0.14749729555156835    , 0.17977565570856313  ,     13969, sliding_SETD2_INTRON_MANE_win10k_step10_full_genomic.csv        , 3.564299747495562e-82  , True             , 1.7999713724852587e-82 , True       , 3.564299747495562e-84  , True
0.50-0.56, SETD2, INTRON_MANE , full      , reversed   ,   10, -0.509938456949057   , 0.0                    , -0.5221066183399549    , -0.4975627405576015  ,     13969, sliding_SETD2_INTRON_MANE_win10k_step10_full_reversed.csv       , 0.0                    , True             , 0.0                    , True       , 0.0                    , True
0.50-0.56, SETD2, INTRON_MANE , winTrim500, genomic    ,   10, 0.1528908644120652   , 8.056519332772765e-74  , 0.13665399318854424    , 0.16904560855238865  ,     13969, sliding_SETD2_INTRON_MANE_win10k_step10_winTrim500_genomic.csv  , 1.611303866554553e-71  , True             , 7.653693366134127e-72  , True       , 1.520097987315616e-73  , True
0.50-0.56, SETD2, INTRON_MANE , winTrim500, reversed   ,   10, -0.49694007478234054 , 0.0                    , -0.5093261031050315    , -0.4843482053279508  ,     13969, sliding_SETD2_INTRON_MANE_win10k_step10_winTrim500_reversed.csv , 0.0                    , True             , 0.0                    , True       , 0.0                    , True
0.50-0.56, SETD2, INTRON_UNION, full      , genomic    ,   10, -0.48373391274654154 , 0.0                    , -0.4963356928523768    , -0.47092831648200834 ,     13969, sliding_SETD2_INTRON_UNION_win10k_step10_full_genomic.csv       , 0.0                    , True             , 0.0                    , True       , 0.0                    , True
0.50-0.56, SETD2, INTRON_UNION, full      , reversed   ,   10, 0.264106532259087    , 1.305192457776959e-221 , 0.2486120464921946     , 0.27946588527908595  ,     13969, sliding_SETD2_INTRON_UNION_win10k_step10_full_reversed.csv      , 2.6103849155539183e-219, True             , 1.6836982705322772e-219, True       , 3.6255346049359976e-221, True
0.50-0.56, SETD2, INTRON_UNION, winTrim500, genomic    ,   10, -0.4947163356172492  , 0.0                    , -0.5071390887646519    , -0.48208806249911856 ,     13969, sliding_SETD2_INTRON_UNION_win10k_step10_winTrim500_genomic.csv , 0.0                    , True             , 0.0                    , True       , 0.0                    , True
0.50-0.56, SETD2, INTRON_UNION, winTrim500, reversed   ,   10, 0.31716458303647194  , 1e-323                 , 0.3021705451070748     , 0.33200171939550915  ,     13969, sliding_SETD2_INTRON_UNION_win10k_step10_winTrim500_reversed.csv, 1.976e-321             , True             , 1.383e-321             , True       , 3.5e-323               , True
0.50-0.56, SETD2, REG_ALL     , full      , genomic    ,   10, 0.11743779410167646  , 4.3417608829262407e-44 , 0.10105124302292597    , 0.13376064323119616  ,     13969, sliding_SETD2_REG_ALL_win10k_step10_full_genomic.csv            , 8.683521765852481e-42  , True             , 3.126067835706893e-42  , True       , 6.73141222159107e-44   , True
0.50-0.56, SETD2, REG_ALL     , full      , reversed   ,   10, 0.01642177053158092  , 0.05227588682850885    , -0.00016162306947306378, 0.032996134348147604 ,     13969, sliding_SETD2_REG_ALL_win10k_step10_full_reversed.csv           , 1.0                    , False            , 0.4182070946280708     , False      , 0.05417190344923197    , False
0.50-0.56, SETD2, REG_ALL     , winTrim500, genomic    ,   10, 0.10500596585760058  , 1.5073535522035118e-35 , 0.08857685964229856    , 0.1213779538664665   ,     13969, sliding_SETD2_REG_ALL_win10k_step10_winTrim500_genomic.csv      , 3.0147071044070237e-33 , True             , 8.290444537119314e-34  , True       , 2.064867879730838e-35  , True
0.50-0.56, SETD2, REG_ALL     , winTrim500, reversed   ,   10, 0.00846900679289464  , 0.316882541600129      , -0.008115482568572311  , 0.025048838407874346 ,     13969, sliding_SETD2_REG_ALL_win10k_step10_winTrim500_reversed.csv     , 1.0                    , False            , 1.0                    , False      , 0.3217081640610447     , False
0.57-0.60, ASH1L, EXON_MANE   , full      , genomic    ,   10, 0.03540772437241807  , 1.5048199766265894e-07 , 0.022200903565078818   , 0.0486021896062282   ,     21990, sliding_ASH1L_EXON_MANE_win10k_step10_full_genomic.csv          , 3.009639953253179e-05  , True             , 3.1601219509158377e-06 , True       , 1.6720221962517659e-07 , True
0.57-0.60, ASH1L, EXON_MANE   , full      , reversed   ,   10, -0.5064162080485518  , 0.0                    , -0.5161784250137673    , -0.4965224254251766  ,     21990, sliding_ASH1L_EXON_MANE_win10k_step10_full_reversed.csv         , 0.0                    , True             , 0.0                    , True       , 0.0                    , True
0.57-0.60, ASH1L, EXON_MANE   , winTrim500, genomic    ,   10, 0.024436485100401077 , 0.00029005046517401164 , 0.01122289925856898    , 0.03764153819287982  ,     21990, sliding_ASH1L_EXON_MANE_win10k_step10_winTrim500_genomic.csv    , 0.058010093034802326   , False            , 0.0037706560472621515  , True       , 0.0003085643246532039  , True
0.57-0.60, ASH1L, EXON_MANE   , winTrim500, reversed   ,   10, -0.5078593889957006  , 0.0                    , -0.5176022028602284    , -0.49798489425082887 ,     21990, sliding_ASH1L_EXON_MANE_win10k_step10_winTrim500_reversed.csv   , 0.0                    , True             , 0.0                    , True       , 0.0                    , True
0.57-0.60, ASH1L, EXON_UNION  , full      , genomic    ,   10, 0.09882741472582293  , 7.440365481112616e-49  , 0.0857221763451692     , 0.11189846104769771  ,     21990, sliding_ASH1L_EXON_UNION_win10k_step10_full_genomic.csv         , 1.4880730962225231e-46 , True             , 5.654677765645588e-47  , True       , 1.1904584769780185e-48 , True
0.57-0.60, ASH1L, EXON_UNION  , full      , reversed   ,   10, -0.47199889926360594 , 0.0                    , -0.4822078519390614    , -0.4616617696716286  ,     21990, sliding_ASH1L_EXON_UNION_win10k_step10_full_reversed.csv        , 0.0                    , True             , 0.0                    , True       , 0.0                    , True
0.57-0.60, ASH1L, EXON_UNION  , winTrim500, genomic    ,   10, 0.08660072661212748  , 7.039523424280819e-38  , 0.07346760847124818    , 0.09970381426594802  ,     21990, sliding_ASH1L_EXON_UNION_win10k_step10_winTrim500_genomic.csv   , 1.407904684856164e-35  , True             , 4.223714054568491e-36  , True       , 9.985139608908964e-38  , True
0.57-0.60, ASH1L, EXON_UNION  , winTrim500, reversed   ,   10, -0.4741727362278245  , 0.0                    , -0.4843543812614055    , -0.46386266466921694 ,     21990, sliding_ASH1L_EXON_UNION_win10k_step10_winTrim500_reversed.csv  , 0.0                    , True             , 0.0                    , True       , 0.0                    , True
0.57-0.60, ASH1L, INTRON_MANE , full      , genomic    ,   10, -0.041265291369211664, 9.269850066374582e-10  , -0.05445280279271477   , -0.028063386840306476,     21990, sliding_ASH1L_INTRON_MANE_win10k_step10_full_genomic.csv        , 1.8539700132749164e-07 , True             , 2.3174625165936455e-08 , True       , 1.0533920529971116e-09 , True
0.57-0.60, ASH1L, INTRON_MANE , full      , reversed   ,   10, 0.492419221041617    , 0.0                    , 0.48234128455192044    , 0.5023668231443834   ,     21990, sliding_ASH1L_INTRON_MANE_win10k_step10_full_reversed.csv       , 0.0                    , True             , 0.0                    , True       , 0.0                    , True
0.57-0.60, ASH1L, INTRON_MANE , winTrim500, genomic    ,   10, -0.02653473580298245 , 8.308870667771583e-05  , -0.03973800971745894   , -0.013322197461829999,     21990, sliding_ASH1L_INTRON_MANE_win10k_step10_winTrim500_genomic.csv  , 0.016617741335543165   , True             , 0.0013294193068434533  , True       , 8.982562884077386e-05  , True
0.57-0.60, ASH1L, INTRON_MANE , winTrim500, reversed   ,   10, 0.5028132540062327   , 0.0                    , 0.49287156363117757    , 0.5126236760161982   ,     21990, sliding_ASH1L_INTRON_MANE_win10k_step10_winTrim500_reversed.csv , 0.0                    , True             , 0.0                    , True       , 0.0                    , True
0.57-0.60, ASH1L, INTRON_UNION, full      , genomic    ,   10, -0.05051952857997988 , 6.583777158535229e-14  , -0.06369420885921781   , -0.03732724235869429 ,     21990, sliding_ASH1L_INTRON_UNION_win10k_step10_full_genomic.csv       , 1.3167554317070458e-11 , True             , 1.9751331475605685e-12 , True       , 7.700324162029508e-14  , True
0.57-0.60, ASH1L, INTRON_UNION, full      , reversed   ,   10, 0.4951308312867657   , 0.0                    , 0.4850881580949809     , 0.5050429155869537   ,     21990, sliding_ASH1L_INTRON_UNION_win10k_step10_full_reversed.csv      , 0.0                    , True             , 0.0                    , True       , 0.0                    , True
0.57-0.60, ASH1L, INTRON_UNION, winTrim500, genomic    ,   10, -0.03633536537740957 , 7.05934786692367e-08   , -0.04952878970648641   , -0.023129262617955323,     21990, sliding_ASH1L_INTRON_UNION_win10k_step10_winTrim500_genomic.csv , 1.411869573384734e-05  , True             , 1.5530565307232074e-06 , True       , 7.887539516115832e-08  , True
0.57-0.60, ASH1L, INTRON_UNION, winTrim500, reversed   ,   10, 0.5015810593044899   , 0.0                    , 0.4916230650112121     , 0.5114078900504516   ,     21990, sliding_ASH1L_INTRON_UNION_win10k_step10_winTrim500_reversed.csv, 0.0                    , True             , 0.0                    , True       , 0.0                    , True
0.57-0.60, ASH1L, REG_ALL     , full      , genomic    ,   10, -0.24147123823850064 , 3.16283087884831e-289  , -0.25387817732346396   , -0.2289848502026902  ,     21990, sliding_ASH1L_REG_ALL_win10k_step10_full_genomic.csv            , 6.325661757696619e-287 , True             , 4.3647066128106674e-287, True       , 1.0040732948724792e-288, True
0.57-0.60, ASH1L, REG_ALL     , full      , reversed   ,   10, 0.3032288367251545   , 0.0                    , 0.29117862324755983    , 0.3151828451363392   ,     21990, sliding_ASH1L_REG_ALL_win10k_step10_full_reversed.csv           , 0.0                    , True             , 0.0                    , True       , 0.0                    , True
0.57-0.60, ASH1L, REG_ALL     , winTrim500, genomic    ,   10, -0.23979717942639608 , 3.8576347695586e-285   , -0.2522150072525007    , -0.22730038595804222 ,     21990, sliding_ASH1L_REG_ALL_win10k_step10_winTrim500_genomic.csv      , 7.7152695391172e-283   , True             , 5.284959634295282e-283 , True       , 1.2055108654870624e-284, True
0.57-0.60, ASH1L, REG_ALL     , winTrim500, reversed   ,   10, 0.29040485813607075  , 0.0                    , 0.2782556880422052     , 0.3024611195013733   ,     21990, sliding_ASH1L_REG_ALL_win10k_step10_winTrim500_reversed.csv     , 0.0                    , True             , 0.0                    , True       , 0.0                    , True
0.57-0.60, NSD1 , EXON_MANE   , full      , genomic    ,   10, -0.5121217125379888  , 0.0                    , -0.5234478383216244    , -0.5006146398398811  ,     16043, sliding_NSD1_EXON_MANE_win10k_step10_full_genomic.csv           , 0.0                    , True             , 0.0                    , True       , 0.0                    , True
0.57-0.60, NSD1 , EXON_MANE   , full      , reversed   ,   10, -0.14236886330006895 , 2.0771753491957242e-73 , -0.15749619792619562   , -0.12717472866815205 ,     16043, sliding_NSD1_EXON_MANE_win10k_step10_full_reversed.csv          , 4.154350698391448e-71  , True             , 1.9525448282439806e-71 , True       , 3.8825707461602316e-73 , True
0.57-0.60, NSD1 , EXON_MANE   , winTrim500, genomic    ,   10, -0.5098422695660054  , 0.0                    , -0.5212045570915225    , -0.4982992717911154  ,     16043, sliding_NSD1_EXON_MANE_win10k_step10_winTrim500_genomic.csv     , 0.0                    , True             , 0.0                    , True       , 0.0                    , True
0.57-0.60, NSD1 , EXON_MANE   , winTrim500, reversed   ,   10, -0.13566838030680967 , 9.025954475196095e-67  , -0.15082604812077108   , -0.12044693536358203 ,     16043, sliding_NSD1_EXON_MANE_win10k_step10_winTrim500_reversed.csv    , 1.805190895039219e-64  , True             , 8.033099482924525e-65  , True       , 1.6117775848564454e-66 , True
0.57-0.60, NSD1 , EXON_UNION  , full      , genomic    ,   10, -0.3890707319069535  , 0.0                    , -0.4021240120670924    , -0.37585932254667825 ,     16043, sliding_NSD1_EXON_UNION_win10k_step10_full_genomic.csv          , 0.0                    , True             , 0.0                    , True       , 0.0                    , True
0.57-0.60, NSD1 , EXON_UNION  , full      , reversed   ,   10, -0.2753453249446157  , 5.349470533454379e-277 , -0.2895857722862567    , -0.2609830075607114  ,     16043, sliding_NSD1_EXON_UNION_win10k_step10_full_reversed.csv         , 1.0698941066908758e-274, True             , 7.114795809494324e-275 , True       , 1.5733736863101113e-276, True
0.57-0.60, NSD1 , EXON_UNION  , winTrim500, genomic    ,   10, -0.3779156816912309  , 0.0                    , -0.39110282687654224   , -0.3645733928075982  ,     16043, sliding_NSD1_EXON_UNION_win10k_step10_winTrim500_genomic.csv    , 0.0                    , True             , 0.0                    , True       , 0.0                    , True
0.57-0.60, NSD1 , EXON_UNION  , winTrim500, reversed   ,   10, -0.27675793763388085 , 6.100600926693747e-280 , -0.29098605794501137   , -0.2624074253961843  ,     16043, sliding_NSD1_EXON_UNION_win10k_step10_winTrim500_reversed.csv   , 1.2201201853387492e-277, True             , 8.174805241769621e-278 , True       , 1.8210749034906704e-279, True
0.57-0.60, NSD1 , INTRON_MANE , full      , genomic    ,   10, 0.5232263556298895   , 0.0                    , 0.5118966524420129     , 0.5343740689348273   ,     16043, sliding_NSD1_INTRON_MANE_win10k_step10_full_genomic.csv         , 0.0                    , True             , 0.0                    , True       , 0.0                    , True
0.57-0.60, NSD1 , INTRON_MANE , full      , reversed   ,   10, 0.21373835406897185  , 3.8895287476634633e-165, 0.19892197102278475    , 0.22845705122101537  ,     16043, sliding_NSD1_INTRON_MANE_win10k_step10_full_reversed.csv        , 7.779057495326926e-163 , True             , 4.667434497196156e-163 , True       , 9.603774685588798e-165 , True
0.57-0.60, NSD1 , INTRON_MANE , winTrim500, genomic    ,   10, 0.5175431531917982   , 0.0                    , 0.5061221864394742     , 0.528782640924554    ,     16043, sliding_NSD1_INTRON_MANE_win10k_step10_winTrim500_genomic.csv   , 0.0                    , True             , 0.0                    , True       , 0.0                    , True
0.57-0.60, NSD1 , INTRON_MANE , winTrim500, reversed   ,   10, 0.19101738754575348  , 1.1089710348178555e-131, 0.17606349879009883    , 0.20588313357858076  ,     16043, sliding_NSD1_INTRON_MANE_win10k_step10_winTrim500_reversed.csv  , 2.217942069635711e-129 , True             , 1.2420475589959981e-129, True       , 2.4920697411637203e-131, True
0.57-0.60, NSD1 , INTRON_UNION, full      , genomic    ,   10, 0.4915503473564671   , 0.0                    , 0.479725020345614      , 0.5031971360303221   ,     16043, sliding_NSD1_INTRON_UNION_win10k_step10_full_genomic.csv        , 0.0                    , True             , 0.0                    , True       , 0.0                    , True
0.57-0.60, NSD1 , INTRON_UNION, full      , reversed   ,   10, 0.20606604376194013  , 2.1985058710390892e-153, 0.1912014252327521     , 0.220836165123009    ,     16043, sliding_NSD1_INTRON_UNION_win10k_step10_full_reversed.csv       , 4.397011742078178e-151 , True             , 2.5502668104053436e-151, True       , 5.17295499068021e-153  , True
0.57-0.60, NSD1 , INTRON_UNION, winTrim500, genomic    ,   10, 0.4883175106870093   , 0.0                    , 0.47644338774646355    , 0.500013528788104    ,     16043, sliding_NSD1_INTRON_UNION_win10k_step10_winTrim500_genomic.csv  , 0.0                    , True             , 0.0                    , True       , 0.0                    , True
0.57-0.60, NSD1 , INTRON_UNION, winTrim500, reversed   ,   10, 0.1879378263714546   , 1.855066550017948e-127 , 0.17296654087471333    , 0.20282228515866982  ,     16043, sliding_NSD1_INTRON_UNION_win10k_step10_winTrim500_reversed.csv , 3.710133100035896e-125 , True             , 2.0405732050197428e-125, True       , 4.0770693406987865e-127, True
0.57-0.60, NSD1 , REG_ALL     , full      , genomic    ,   10, -0.13682942335451415 , 6.744225479707357e-68  , -0.1519819339726192    , -0.12161261053305857 ,     16043, sliding_NSD1_REG_ALL_win10k_step10_full_genomic.csv             , 1.3488450959414713e-65 , True             , 6.069802931736621e-66  , True       , 1.2151757621094335e-67 , True
0.57-0.60, NSD1 , REG_ALL     , full      , reversed   ,   10, -0.343376858843188   , 0.0                    , -0.356954482449422     , -0.3296541745232332  ,     16043, sliding_NSD1_REG_ALL_win10k_step10_full_reversed.csv            , 0.0                    , True             , 0.0                    , True       , 0.0                    , True
0.57-0.60, NSD1 , REG_ALL     , winTrim500, genomic    ,   10, -0.12602089523679338 , 8.60361679125764e-58   , -0.1412198125805106    , -0.11076258367233371 ,     16043, sliding_NSD1_REG_ALL_win10k_step10_winTrim500_genomic.csv       , 1.720723358251528e-55  , True             , 7.313074272568994e-56  , True       , 1.4833822053892484e-57 , True
0.57-0.60, NSD1 , REG_ALL     , winTrim500, reversed   ,   10, -0.3165094471071447  , 0.0                    , -0.3303657017762302    , -0.3025167950452979  ,     16043, sliding_NSD1_REG_ALL_win10k_step10_winTrim500_reversed.csv      , 0.0                    , True             , 0.0                    , True       , 0.0                    , True
0.57-0.60, NSD2 , EXON_MANE   , full      , genomic    ,   10, -0.06045393682018535 , 7.291742284181044e-10  , -0.07961313631541445   , -0.04125008847007658 ,     10365, sliding_NSD2_EXON_MANE_win10k_step10_full_genomic.csv           , 1.458348456836209e-07  , True             , 1.8958529938870714e-08 , True       , 8.333419753349766e-10  , True
0.57-0.60, NSD2 , EXON_MANE   , full      , reversed   ,   10, 0.135644518289309    , 9.32698174202146e-44   , 0.1166974056451168     , 0.1544929313609598   ,     10365, sliding_NSD2_EXON_MANE_win10k_step10_full_reversed.csv          , 1.8653963484042917e-41 , True             , 6.622157036835235e-42  , True       , 1.4349202680033013e-43 , True
0.57-0.60, NSD2 , EXON_MANE   , winTrim500, genomic    ,   10, -0.06737245441555331 , 6.5993428949122226e-12 , -0.08651210162613647   , -0.04818309276035699 ,     10365, sliding_NSD2_EXON_MANE_win10k_step10_winTrim500_genomic.csv     , 1.3198685789824446e-09 , True             , 1.7818225816263e-10    , True       , 7.585451603347383e-12  , True
0.57-0.60, NSD2 , EXON_MANE   , winTrim500, reversed   ,   10, 0.11973837168910123  , 2.072387241788923e-34  , 0.1007186897181366     , 0.13867056752102025  ,     10365, sliding_NSD2_EXON_MANE_win10k_step10_winTrim500_reversed.csv    , 4.144774483577846e-32  , True             , 1.0361936208944615e-32 , True       , 2.7448837639588387e-34 , True
0.57-0.60, NSD2 , EXON_UNION  , full      , genomic    ,   10, 0.5233738387531075   , 0.0                    , 0.5092531749264393     , 0.5372127838403978   ,     10365, sliding_NSD2_EXON_UNION_win10k_step10_full_genomic.csv          , 0.0                    , True             , 0.0                    , True       , 0.0                    , True
0.57-0.60, NSD2 , EXON_UNION  , full      , reversed   ,   10, -0.30966165883214314 , 3.652387110083988e-229 , -0.32696429816487915   , -0.2921514807276441  ,     10365, sliding_NSD2_EXON_UNION_win10k_step10_full_reversed.csv         , 7.304774220167977e-227 , True             , 4.748103243109185e-227 , True       , 1.0288414394602784e-228, True
0.57-0.60, NSD2 , EXON_UNION  , winTrim500, genomic    ,   10, 0.5070678181260453   , 0.0                    , 0.4926249643949166     , 0.5212314157570629   ,     10365, sliding_NSD2_EXON_UNION_win10k_step10_winTrim500_genomic.csv    , 0.0                    , True             , 0.0                    , True       , 0.0                    , True
0.57-0.60, NSD2 , EXON_UNION  , winTrim500, reversed   ,   10, -0.2966326941506301  , 1.4358418995216888e-209, -0.31409086323144175   , -0.27897398203248985 ,     10365, sliding_NSD2_EXON_UNION_win10k_step10_winTrim500_reversed.csv   , 2.8716837990433776e-207, True             , 1.809160793397328e-207 , True       , 3.8289117320578365e-209, True
0.57-0.60, NSD2 , INTRON_MANE , full      , genomic    ,   10, 0.038206021270829504 , 9.99741909241632e-05   , 0.01896811573043781    , 0.05741564723427499  ,     10365, sliding_NSD2_INTRON_MANE_win10k_step10_full_genomic.csv         , 0.01999483818483264    , True             , 0.001499612863862448   , True       , 0.00010749913002598193 , True
0.57-0.60, NSD2 , INTRON_MANE , full      , reversed   ,   10, -0.1235946857348928  , 1.4438925393041524e-36 , -0.14250745689726813   , -0.10459169677963495 ,     10365, sliding_NSD2_INTRON_MANE_win10k_step10_full_reversed.csv        , 2.8877850786083047e-34 , True             , 8.374576727964084e-35  , True       , 2.0194301249009124e-36 , True
0.57-0.60, NSD2 , INTRON_MANE , winTrim500, genomic    ,   10, 0.053964359505554456 , 3.8547239548429714e-08 , 0.034748603032015234   , 0.07314023037428745  ,     10365, sliding_NSD2_INTRON_MANE_win10k_step10_winTrim500_genomic.csv   , 7.709447909685943e-06  , True             , 8.865865096138834e-07  , True       , 4.331150511059518e-08  , True
0.57-0.60, NSD2 , INTRON_MANE , winTrim500, reversed   ,   10, -0.11147849173215399 , 5.0471203966359285e-30 , -0.13045038058682457   , -0.09242499400910541 ,     10365, sliding_NSD2_INTRON_MANE_win10k_step10_winTrim500_reversed.csv  , 1.0094240793271857e-27 , True             , 2.271204178486168e-28  , True       , 6.470667175174267e-30  , True
0.57-0.60, NSD2 , INTRON_UNION, full      , genomic    ,   10, 0.12522865599799432  , 1.6773068613218196e-37 , 0.1062329139644031     , 0.14413302525158403  ,     10365, sliding_NSD2_INTRON_UNION_win10k_step10_full_genomic.csv        , 3.354613722643639e-35  , True             , 9.896110481798736e-36  , True       , 2.3624040300307317e-37 , True
0.57-0.60, NSD2 , INTRON_UNION, full      , reversed   ,   10, -0.253173770893195   , 2.647604539281987e-151 , -0.2711042483706112    , -0.2350676486754396  ,     10365, sliding_NSD2_INTRON_UNION_win10k_step10_full_reversed.csv       , 5.295209078563974e-149 , True             , 3.044745220174285e-149 , True       , 6.157219858795318e-151 , True
0.57-0.60, NSD2 , INTRON_UNION, winTrim500, genomic    ,   10, 0.14734359209204012  , 2.1459627149519024e-51 , 0.12845611828490824    , 0.16612421515146816  ,     10365, sliding_NSD2_INTRON_UNION_win10k_step10_winTrim500_genomic.csv  , 4.291925429903805e-49  , True             , 1.716770171961522e-49  , True       , 3.5470458098378556e-51 , True
0.57-0.60, NSD2 , INTRON_UNION, winTrim500, reversed   ,   10, -0.2490731889874079  , 2.37892988784117e-146  , -0.26704453528661976   , -0.23092866269142576 ,     10365, sliding_NSD2_INTRON_UNION_win10k_step10_winTrim500_reversed.csv , 4.7578597756823395e-144, True             , 2.711980072138934e-144 , True       , 5.468804339864758e-146 , True
0.57-0.60, NSD2 , REG_ALL     , full      , genomic    ,   10, -0.034910836222822095, 0.00037815195456853415 , -0.054126315299768024  , -0.015669510387410414,     10365, sliding_NSD2_REG_ALL_win10k_step10_full_genomic.csv             , 0.07563039091370682    , False            , 0.00453782345482241    , True       , 0.00040016079848522135 , True
0.57-0.60, NSD2 , REG_ALL     , full      , reversed   ,   10, 0.19305456363477486  , 1.3673325619927423e-87 , 0.17445108151204847    , 0.21152027221964337  ,     10365, sliding_NSD2_REG_ALL_win10k_step10_full_reversed.csv            , 2.7346651239854846e-85 , True             , 1.4220258644724518e-85 , True       , 2.8192423958613244e-87 , True
0.57-0.60, NSD2 , REG_ALL     , winTrim500, genomic    ,   10, -0.03921704960644279 , 6.505307895757205e-05  , -0.05842479611332873   , -0.019980277447893227,     10365, sliding_NSD2_REG_ALL_win10k_step10_winTrim500_genomic.csv       , 0.01301061579151441    , True             , 0.0011059023422787249  , True       , 7.070986843214353e-05  , True
0.57-0.60, NSD2 , REG_ALL     , winTrim500, reversed   ,   10, 0.1912757235322804   , 5.461435572045446e-86  , 0.1726596704467657     , 0.20975517564970686  ,     10365, sliding_NSD2_REG_ALL_win10k_step10_winTrim500_reversed.csv      , 1.0922871144090891e-83 , True             , 5.570664283486355e-84  , True       , 1.1033203175849385e-85 , True
0.57-0.60, NSD3 , EXON_MANE   , full      , genomic    ,   10, -0.1034949405553561  , 2.646634681562815e-26  , -0.12241817493092029   , -0.08449648507845813 ,     10458, sliding_NSD3_EXON_MANE_win10k_step10_full_genomic.csv           , 5.2932693631256296e-24 , True             , 1.1645192598876386e-24 , True       , 3.371509148487662e-26  , True
0.57-0.60, NSD3 , EXON_MANE   , full      , reversed   ,   10, -0.1343523632500514  , 2.5335633632084987e-43 , -0.153124129638524     , -0.11548367246944101 ,     10458, sliding_NSD3_EXON_MANE_win10k_step10_full_reversed.csv          , 5.067126726416997e-41  , True             , 1.7228230869817792e-41 , True       , 3.809869719110524e-43  , True
0.57-0.60, NSD3 , EXON_MANE   , winTrim500, genomic    ,   10, -0.09696577141737836 , 2.8338915270489676e-23 , -0.11591640823597603   , -0.07794456575305406 ,     10458, sliding_NSD3_EXON_MANE_win10k_step10_winTrim500_genomic.csv     , 5.667783054097935e-21  , True             , 1.0768787802786077e-21 , True       , 3.477167517851494e-23  , True
0.57-0.60, NSD3 , EXON_MANE   , winTrim500, reversed   ,   10, -0.11966588213756782 , 1.1565340154196508e-34 , -0.13851425829945307   , -0.10073084883044879 ,     10458, sliding_NSD3_EXON_MANE_win10k_step10_winTrim500_reversed.csv    , 2.3130680308393016e-32 , True             , 6.0139768801821845e-33 , True       , 1.552394651570001e-34  , True
0.57-0.60, NSD3 , EXON_UNION  , full      , genomic    ,   10, -0.2042392805101511  , 6.894740487759664e-99  , -0.2225342404249513    , -0.18580052784793022 ,     10458, sliding_NSD3_EXON_UNION_win10k_step10_full_genomic.csv          , 1.3789480975519329e-96 , True             , 7.446319726780437e-97  , True       , 1.482739889840788e-98  , True
0.57-0.60, NSD3 , EXON_UNION  , full      , reversed   ,   10, -0.28575228760814136 , 1.076503907706058e-195 , -0.30325748527579627   , -0.2680542909858664  ,     10458, sliding_NSD3_EXON_UNION_win10k_step10_full_reversed.csv         , 2.153007815412116e-193 , True             , 1.3348648455555117e-193, True       , 2.7961140459897607e-195, True
0.57-0.60, NSD3 , EXON_UNION  , winTrim500, genomic    ,   10, -0.19093211982658473 , 1.9630390875274605e-86 , -0.2093321481379616    , -0.17239693015703242 ,     10458, sliding_NSD3_EXON_UNION_win10k_step10_winTrim500_genomic.csv    , 3.926078175054921e-84  , True             , 2.0219302601532843e-84 , True       , 4.006202219443797e-86  , True
0.57-0.60, NSD3 , EXON_UNION  , winTrim500, reversed   ,   10, -0.271807937009687   , 1.5667839379811276e-176, -0.28946602917481895   , -0.25396490215843925 ,     10458, sliding_NSD3_EXON_UNION_win10k_step10_winTrim500_reversed.csv   , 3.133567875962255e-174 , True             , 1.8958085649571644e-174, True       , 3.916959844952819e-176 , True
0.57-0.60, NSD3 , INTRON_MANE , full      , genomic    ,   10, 0.10343696741537611  , 2.821407720215045e-26  , 0.08443830270766807    , 0.12236045224585917  ,     10458, sliding_NSD3_INTRON_MANE_win10k_step10_full_genomic.csv         , 5.64281544043009e-24   , True             , 1.2132053196924692e-24 , True       , 3.5714021774873983e-26 , True
0.57-0.60, NSD3 , INTRON_MANE , full      , reversed   ,   10, 0.13355209387533734  , 7.979528827636317e-43  , 0.114679573578774      , 0.15232824608103765  ,     10458, sliding_NSD3_INTRON_MANE_win10k_step10_full_reversed.csv        , 1.5959057655272633e-40 , True             , 5.186693737963606e-41  , True       , 1.1734601217112229e-42 , True
0.57-0.60, NSD3 , INTRON_MANE , winTrim500, genomic    ,   10, 0.09691910753234044  , 2.9738920244884375e-23 , 0.07789774518538561    , 0.11586993435019455  ,     10458, sliding_NSD3_INTRON_MANE_win10k_step10_winTrim500_genomic.csv   , 5.947784048976875e-21  , True             , 1.1003400490607218e-21 , True       , 3.626697590839558e-23  , True
0.57-0.60, NSD3 , INTRON_MANE , winTrim500, reversed   ,   10, 0.119473643368813    , 1.4782242686960672e-34 , 0.1005377968649298     , 0.1383229679052136   ,     10458, sliding_NSD3_INTRON_MANE_win10k_step10_winTrim500_reversed.csv  , 2.9564485373921344e-32 , True             , 7.538943770349943e-33  , True       , 1.9709656915947564e-34 , True
0.57-0.60, NSD3 , INTRON_UNION, full      , genomic    ,   10, 0.14939994925144762  , 2.90941335342548e-53   , 0.13060787106581043    , 0.16808471591444457  ,     10458, sliding_NSD3_INTRON_UNION_win10k_step10_full_genomic.csv        , 5.81882670685096e-51   , True             , 2.4148130833431483e-51 , True       , 4.931209073602509e-53  , True
0.57-0.60, NSD3 , INTRON_UNION, full      , reversed   ,   10, 0.11666269352745812  , 5.1089344279706125e-33 , 0.09771511915911332    , 0.13552572472761368  ,     10458, sliding_NSD3_INTRON_UNION_win10k_step10_full_reversed.csv       , 1.0217868855941225e-30 , True             , 2.4522885254258938e-31 , True       , 6.678345657477924e-33  , True
0.57-0.60, NSD3 , INTRON_UNION, winTrim500, genomic    ,   10, 0.14445640528071302  , 7.0699012558209735e-50 , 0.125638192874044      , 0.16317070291293803  ,     10458, sliding_NSD3_INTRON_UNION_win10k_step10_winTrim500_genomic.csv  , 1.4139802511641947e-47 , True             , 5.51452297954036e-48   , True       , 1.14957743997089e-49   , True
0.57-0.60, NSD3 , INTRON_UNION, winTrim500, reversed   ,   10, 0.10226985479460551  , 1.0144801594756982e-25 , 0.08326700541853614    , 0.12119835454002174  ,     10458, sliding_NSD3_INTRON_UNION_win10k_step10_winTrim500_reversed.csv , 2.0289603189513964e-23 , True             , 3.956472621955223e-24  , True       , 1.2524446413280225e-25 , True
0.57-0.60, NSD3 , REG_ALL     , full      , genomic    ,   10, -0.11402340074267195 , 1.3156991699969735e-31 , -0.13289902782085233   , -0.09506509215495298 ,     10458, sliding_NSD3_REG_ALL_win10k_step10_full_genomic.csv             , 2.631398339993947e-29  , True             , 6.052216181986078e-30  , True       , 1.6976763483831915e-31 , True
0.57-0.60, NSD3 , REG_ALL     , full      , reversed   ,   10, 0.006452676072021541 , 0.5093778180844116     , -0.01271495831388113   , 0.025615570029912483 ,     10458, sliding_NSD3_REG_ALL_win10k_step10_full_reversed.csv            , 1.0                    , False            , 1.0                    , False      , 0.5093778180844116     , False
0.57-0.60, NSD3 , REG_ALL     , winTrim500, genomic    ,   10, -0.08965555941839806 , 4.0781259721370823e-20 , -0.10863494910192119   , -0.07061083122001202 ,     10458, sliding_NSD3_REG_ALL_win10k_step10_winTrim500_genomic.csv       , 8.156251944274165e-18  , True             , 1.3457815708052372e-18 , True       , 4.854911871591765e-20  , True
0.57-0.60, NSD3 , REG_ALL     , winTrim500, reversed   ,   10, 0.016005107163759687 , 0.10170126557808823    , -0.0031619246686774446 , 0.03516038344137957  ,     10458, sliding_NSD3_REG_ALL_win10k_step10_winTrim500_reversed.csv      , 1.0                    , False            , 0.5085063278904411     , False      , 0.10377680161029411    , False
0.57-0.60, SETD2, EXON_MANE   , full      , genomic    ,   10, 0.1682884670040931   , 2.9365141626794647e-89 , 0.15212967886847004    , 0.1843573146893939   ,     13969, sliding_SETD2_EXON_MANE_win10k_step10_full_genomic.csv          , 5.873028325358929e-87  , True             , 3.083339870813438e-87  , True       , 6.117737838915552e-89  , True
0.57-0.60, SETD2, EXON_MANE   , full      , reversed   ,   10, -0.4993510730841931  , 0.0                    , -0.5116971032657653    , -0.4867988627286368  ,     13969, sliding_SETD2_EXON_MANE_win10k_step10_full_reversed.csv         , 0.0                    , True             , 0.0                    , True       , 0.0                    , True
0.57-0.60, SETD2, EXON_MANE   , winTrim500, genomic    ,   10, 0.15186186010333882  , 7.634172766488545e-73  , 0.1356200531176111     , 0.16802206656104948  ,     13969, sliding_SETD2_EXON_MANE_win10k_step10_winTrim500_genomic.csv    , 1.526834553297709e-70  , True             , 7.099780672834347e-71  , True       , 1.4137356974978787e-72 , True
0.57-0.60, SETD2, EXON_MANE   , winTrim500, reversed   ,   10, -0.4903621510532656  , 0.0                    , -0.502856349753268     , -0.4776630845760429  ,     13969, sliding_SETD2_EXON_MANE_win10k_step10_winTrim500_reversed.csv   , 0.0                    , True             , 0.0                    , True       , 0.0                    , True
0.57-0.60, SETD2, EXON_UNION  , full      , genomic    ,   10, 0.12288140980158435  , 3.9117554517113006e-48 , 0.10651511515905134    , 0.13918113810026161  ,     13969, sliding_SETD2_EXON_UNION_win10k_step10_full_genomic.csv         , 7.8235109034226e-46    , True             , 2.9338165887834752e-46 , True       , 6.209135637636985e-48  , True
0.57-0.60, SETD2, EXON_UNION  , full      , reversed   ,   10, -0.3933799518529899  , 0.0                    , -0.4073062160162419    , -0.37927079702860994 ,     13969, sliding_SETD2_EXON_UNION_win10k_step10_full_reversed.csv        , 0.0                    , True             , 0.0                    , True       , 0.0                    , True
0.57-0.60, SETD2, EXON_UNION  , winTrim500, genomic    ,   10, 0.10995074162048701  , 7.889941096696377e-39  , 0.09353794459350198    , 0.12630379498221242  ,     13969, sliding_SETD2_EXON_UNION_win10k_step10_winTrim500_genomic.csv   , 1.5779882193392755e-36 , True             , 4.812864068984789e-37  , True       , 1.1271344423851968e-38 , True
0.57-0.60, SETD2, EXON_UNION  , winTrim500, reversed   ,   10, -0.38617574640404456 , 0.0                    , -0.40019620451794574   , -0.37197455437593535 ,     13969, sliding_SETD2_EXON_UNION_win10k_step10_winTrim500_reversed.csv  , 0.0                    , True             , 0.0                    , True       , 0.0                    , True
0.57-0.60, SETD2, INTRON_MANE , full      , genomic    ,   10, -0.16093857949334703 , 1.0729653461220727e-81 , -0.17704940180296247   , -0.14474153068305368 ,     13969, sliding_SETD2_INTRON_MANE_win10k_step10_full_genomic.csv        , 2.1459306922441455e-79 , True             , 1.062235692660852e-79  , True       , 2.1038536198472015e-81 , True
0.57-0.60, SETD2, INTRON_MANE , full      , reversed   ,   10, 0.504759035496906    , 0.0                    , 0.49229650080562726    , 0.5170146644378628   ,     13969, sliding_SETD2_INTRON_MANE_win10k_step10_full_reversed.csv       , 0.0                    , True             , 0.0                    , True       , 0.0                    , True
0.57-0.60, SETD2, INTRON_MANE , winTrim500, genomic    ,   10, -0.149923070202656   , 5.0605103520184624e-71 , -0.16609347376267825   , -0.13367205965774454 ,     13969, sliding_SETD2_INTRON_MANE_win10k_step10_winTrim500_genomic.csv  , 1.0121020704036924e-68 , True             , 4.655669523856986e-69  , True       , 9.28534009544672e-71   , True
0.57-0.60, SETD2, INTRON_MANE , winTrim500, reversed   ,   10, 0.49190341486621136  , 0.0                    , 0.4792293336611437     , 0.5043723939133883   ,     13969, sliding_SETD2_INTRON_MANE_win10k_step10_winTrim500_reversed.csv , 0.0                    , True             , 0.0                    , True       , 0.0                    , True
0.57-0.60, SETD2, INTRON_UNION, full      , genomic    ,   10, 0.4824480401612593   , 0.0                    , 0.4696219500651284     , 0.4950705262639482   ,     13969, sliding_SETD2_INTRON_UNION_win10k_step10_full_genomic.csv       , 0.0                    , True             , 0.0                    , True       , 0.0                    , True
0.57-0.60, SETD2, INTRON_UNION, full      , reversed   ,   10, -0.2626092378609065  , 4.878515877737249e-219 , -0.27798199232850385   , -0.24710200286742168 ,     13969, sliding_SETD2_INTRON_UNION_win10k_step10_full_reversed.csv      , 9.757031755474498e-217 , True             , 6.244500323503679e-217 , True       , 1.336579692530753e-218 , True
0.57-0.60, SETD2, INTRON_UNION, winTrim500, genomic    ,   10, 0.49315210562800615  , 0.0                    , 0.4804983260164409     , 0.5056005960196753   ,     13969, sliding_SETD2_INTRON_UNION_win10k_step10_winTrim500_genomic.csv , 0.0                    , True             , 0.0                    , True       , 0.0                    , True
0.57-0.60, SETD2, INTRON_UNION, winTrim500, reversed   ,   10, -0.3151414316834039  , 1.2405e-319            , -0.33000016722089337   , -0.30012657374318313 ,     13969, sliding_SETD2_INTRON_UNION_win10k_step10_winTrim500_reversed.csv, 2.481e-317             , True             , 1.724295e-317          , True       , 4.00164e-319           , True
0.57-0.60, SETD2, REG_ALL     , full      , genomic    ,   10, -0.12261879497479328 , 6.191849239680496e-48  , -0.13891966110723825   , -0.10625150041314453 ,     13969, sliding_SETD2_REG_ALL_win10k_step10_full_genomic.csv            , 1.2383698479360991e-45 , True             , 4.5819684373635664e-46 , True       , 9.750943684536214e-48  , True
0.57-0.60, SETD2, REG_ALL     , full      , reversed   ,   10, -0.015997254602981223, 0.0586676506057153     , -0.0325719632364374    , 0.0005862505088551125,     13969, sliding_SETD2_REG_ALL_win10k_step10_full_reversed.csv           , 1.0                    , False            , 0.4182070946280708     , False      , 0.06048211402651062    , False
0.57-0.60, SETD2, REG_ALL     , winTrim500, genomic    ,   10, -0.11023867504206522 , 5.0269720669471944e-39 , -0.12659060099805178   , -0.09382685281022987 ,     13969, sliding_SETD2_REG_ALL_win10k_step10_winTrim500_genomic.csv      , 1.0053944133894389e-36 , True             , 3.1167226815072606e-37 , True       , 7.233053333736971e-39  , True
0.57-0.60, SETD2, REG_ALL     , winTrim500, reversed   ,   10, -0.008237731685342751, 0.33027941889113493    , -0.024817690947398198  , 0.00834675814505225  ,     13969, sliding_SETD2_REG_ALL_win10k_step10_winTrim500_reversed.csv     , 1.0                    , False            , 1.0                    , False      , 0.33361557463751       , False
