subset    , gene_symbol, gene_id        , gene_chr, gene_start, gene_end , gene_strand, feature_id   , feature_type, feature_label, feature_chr, feature_start, feature_end, feature_strand, local_start0, local_end0_exclusive, logic_name, mane_transcript_id
REGULATORY, ASH1L      , ENSG00000116539,        1,  155335268, 155563162, -1         , ENSR1_B35SKP , regulatory  , Enhancer     ,           1,     155379516,   155380059, -1            ,        45248,                45791, regulatory, 
REGULATORY, ASH1L      , ENSG00000116539,        1,  155335268, 155563162, -1         , ENSR1_949NK3 , regulatory  , Enhancer     ,           1,     155416370,   155416644, -1            ,        82102,                82376, regulatory, 
REGULATORY, ASH1L      , ENSG00000116539,        1,  155335268, 155563162, -1         , ENSR1_949NZG , regulatory  , Enhancer     ,           1,     155455735,   155456159, -1            ,       121467,               121891, regulatory, 
REGULATORY, ASH1L      , ENSG00000116539,        1,  155335268, 155563162, -1         , ENSR1_949P3S , regulatory  , Enhancer     ,           1,     155463900,   155464267, -1            ,       129632,               129999, regulatory, 
REGULATORY, ASH1L      , ENSG00000116539,        1,  155335268, 155563162, -1         , ENSR1_949P4D , regulatory  , Enhancer     ,           1,     155465856,   155466141, -1            ,       131588,               131873, regulatory, 
REGULATORY, ASH1L      , ENSG00000116539,        1,  155335268, 155563162, -1         , ENSR1_86KF72 , regulatory  , Enhancer     ,           1,     155466357,   155466569, -1            ,       132089,               132301, regulatory, 
REGULATORY, ASH1L      , ENSG00000116539,        1,  155335268, 155563162, -1         , ENSR1_949P4P , regulatory  , Enhancer     ,           1,     155467044,   155467359, -1            ,       132776,               133091, regulatory, 
REGULATORY, ASH1L      , ENSG00000116539,        1,  155335268, 155563162, -1         , ENSR1_949P6B , regulatory  , Enhancer     ,           1,     155472599,   155472895, -1            ,       138331,               138627, regulatory, 
REGULATORY, ASH1L      , ENSG00000116539,        1,  155335268, 155563162, -1         , ENSR1_86KFLD , regulatory  , Enhancer     ,           1,     155486028,   155486215, -1            ,       151760,               151947, regulatory, 
REGULATORY, ASH1L      , ENSG00000116539,        1,  155335268, 155563162, -1         , ENSR1_B35T85 , regulatory  , Enhancer     ,           1,     155499907,   155500655, -1            ,       165639,               166387, regulatory, 
REGULATORY, ASH1L      , ENSG00000116539,        1,  155335268, 155563162, -1         , ENSR1_949PHH , regulatory  , Enhancer     ,           1,     155504289,   155504686, -1            ,       170021,               170418, regulatory, 
REGULATORY, ASH1L      , ENSG00000116539,        1,  155335268, 155563162, -1         , ENSR1_53CKJZS, regulatory  , CTCF         ,           1,     155504399,   155504420, -1            ,       170131,               170152, regulatory, 
REGULATORY, ASH1L      , ENSG00000116539,        1,  155335268, 155563162, -1         , ENSR1_949PL6 , regulatory  , Enhancer     ,           1,     155513585,   155513849, -1            ,       179317,               179581, regulatory, 
REGULATORY, ASH1L      , ENSG00000116539,        1,  155335268, 155563162, -1         , ENSR1_949PQW , regulatory  , Enhancer     ,           1,     155529905,   155530242, -1            ,       195637,               195974, regulatory, 
REGULATORY, ASH1L      , ENSG00000116539,        1,  155335268, 155563162, -1         , ENSR1_B35TFC , regulatory  , Enhancer     ,           1,     155536098,   155536656, -1            ,       201830,               202388, regulatory, 
REGULATORY, ASH1L      , ENSG00000116539,        1,  155335268, 155563162, -1         , ENSR1_86KGWR , regulatory  , Enhancer     ,           1,     155547168,   155547387, -1            ,       212900,               213119, regulatory, 
REGULATORY, ASH1L      , ENSG00000116539,        1,  155335268, 155563162, -1         , ENSR1_949Q4S , regulatory  , Enhancer     ,           1,     155560590,   155561085, -1            ,       226322,               226817, regulatory, 
REGULATORY, ASH1L      , ENSG00000116539,        1,  155335268, 155563162, -1         , ENSR1_949Q54 , regulatory  , Promoter     ,           1,     155561536,   155562036, -1            ,       227268,               227768, regulatory, 
REGULATORY, ASH1L      , ENSG00000116539,        1,  155335268, 155563162, -1         , ENSR1_B35TK5 , regulatory  , Enhancer     ,           1,     155562037,   155562682, -1            ,       227769,               228414, regulatory, 
REGULATORY, ASH1L      , ENSG00000116539,        1,  155335268, 155563162, -1         , ENSR1_B35TK7 , regulatory  , Promoter     ,           1,     155562683,   155563245, -1            ,       228415,               228977, regulatory, 
REGULATORY, ASH1L      , ENSG00000116539,        1,  155335268, 155563162, -1         , ENSR1_CKFR6  , regulatory  , Enhancer     ,           1,     155563246,   155564506, -1            ,       228978,               230238, regulatory, 
EXON_MANE , ASH1L      , ENSG00000116539,        1,  155335268, 155563162, -1         ,              , exon        , Exon         ,           1,     155335268,   155337751, -1            ,         1000,                 3483, exon_mane , ENST00000392403
EXON_MANE , ASH1L      , ENSG00000116539,        1,  155335268, 155563162, -1         ,              , exon        , Exon         ,           1,     155338089,   155338390, -1            ,         3821,                 4122, exon_mane , ENST00000392403
EXON_MANE , ASH1L      , ENSG00000116539,        1,  155335268, 155563162, -1         ,              , exon        , Exon         ,           1,     155339328,   155339368, -1            ,         5060,                 5100, exon_mane , ENST00000392403
EXON_MANE , ASH1L      , ENSG00000116539,        1,  155335268, 155563162, -1         ,              , exon        , Exon         ,           1,     155341936,   155342102, -1            ,         7668,                 7834, exon_mane , ENST00000392403
EXON_MANE , ASH1L      , ENSG00000116539,        1,  155335268, 155563162, -1         ,              , exon        , Exon         ,           1,     155343314,   155343486, -1            ,         9046,                 9218, exon_mane , ENST00000392403
EXON_MANE , ASH1L      , ENSG00000116539,        1,  155335268, 155563162, -1         ,              , exon        , Exon         ,           1,     155343604,   155343742, -1            ,         9336,                 9474, exon_mane , ENST00000392403
EXON_MANE , ASH1L      , ENSG00000116539,        1,  155335268, 155563162, -1         ,              , exon        , Exon         ,           1,     155344183,   155344273, -1            ,         9915,                10005, exon_mane , ENST00000392403
EXON_MANE , ASH1L      , ENSG00000116539,        1,  155335268, 155563162, -1         ,              , exon        , Exon         ,           1,     155346383,   155346469, -1            ,        12115,                12201, exon_mane , ENST00000392403
EXON_MANE , ASH1L      , ENSG00000116539,        1,  155335268, 155563162, -1         ,              , exon        , Exon         ,           1,     155347656,   155347904, -1            ,        13388,                13636, exon_mane , ENST00000392403
EXON_MANE , ASH1L      , ENSG00000116539,        1,  155335268, 155563162, -1         ,              , exon        , Exon         ,           1,     155349327,   155349459, -1            ,        15059,                15191, exon_mane , ENST00000392403
EXON_MANE , ASH1L      , ENSG00000116539,        1,  155335268, 155563162, -1         ,              , exon        , Exon         ,           1,     155349542,   155349596, -1            ,        15274,                15328, exon_mane , ENST00000392403
EXON_MANE , ASH1L      , ENSG00000116539,        1,  155335268, 155563162, -1         ,              , exon        , Exon         ,           1,     155352706,   155352858, -1            ,        18438,                18590, exon_mane , ENST00000392403
EXON_MANE , ASH1L      , ENSG00000116539,        1,  155335268, 155563162, -1         ,              , exon        , Exon         ,           1,     155354473,   155354630, -1            ,        20205,                20362, exon_mane , ENST00000392403
EXON_MANE , ASH1L      , ENSG00000116539,        1,  155335268, 155563162, -1         ,              , exon        , Exon         ,           1,     155357316,   155357410, -1            ,        23048,                23142, exon_mane , ENST00000392403
EXON_MANE , ASH1L      , ENSG00000116539,        1,  155335268, 155563162, -1         ,              , exon        , Exon         ,           1,     155357585,   155357749, -1            ,        23317,                23481, exon_mane , ENST00000392403
EXON_MANE , ASH1L      , ENSG00000116539,        1,  155335268, 155563162, -1         ,              , exon        , Exon         ,           1,     155360301,   155360409, -1            ,        26033,                26141, exon_mane , ENST00000392403
EXON_MANE , ASH1L      , ENSG00000116539,        1,  155335268, 155563162, -1         ,              , exon        , Exon         ,           1,     155370504,   155370650, -1            ,        36236,                36382, exon_mane , ENST00000392403
EXON_MANE , ASH1L      , ENSG00000116539,        1,  155335268, 155563162, -1         ,              , exon        , Exon         ,           1,     155370777,   155370983, -1            ,        36509,                36715, exon_mane , ENST00000392403
EXON_MANE , ASH1L      , ENSG00000116539,        1,  155335268, 155563162, -1         ,              , exon        , Exon         ,           1,     155378281,   155378389, -1            ,        44013,                44121, exon_mane , ENST00000392403
EXON_MANE , ASH1L      , ENSG00000116539,        1,  155335268, 155563162, -1         ,              , exon        , Exon         ,           1,     155378503,   155378548, -1            ,        44235,                44280, exon_mane , ENST00000392403
EXON_MANE , ASH1L      , ENSG00000116539,        1,  155335268, 155563162, -1         ,              , exon        , Exon         ,           1,     155380043,   155380116, -1            ,        45775,                45848, exon_mane , ENST00000392403
EXON_MANE , ASH1L      , ENSG00000116539,        1,  155335268, 155563162, -1         ,              , exon        , Exon         ,           1,     155395459,   155395553, -1            ,        61191,                61285, exon_mane , ENST00000392403
EXON_MANE , ASH1L      , ENSG00000116539,        1,  155335268, 155563162, -1         ,              , exon        , Exon         ,           1,     155415744,   155415923, -1            ,        81476,                81655, exon_mane , ENST00000392403
EXON_MANE , ASH1L      , ENSG00000116539,        1,  155335268, 155563162, -1         ,              , exon        , Exon         ,           1,     155438327,   155439068, -1            ,       104059,               104800, exon_mane , ENST00000392403
EXON_MANE , ASH1L      , ENSG00000116539,        1,  155335268, 155563162, -1         ,              , exon        , Exon         ,           1,     155459797,   155459898, -1            ,       125529,               125630, exon_mane , ENST00000392403
EXON_MANE , ASH1L      , ENSG00000116539,        1,  155335268, 155563162, -1         ,              , exon        , Exon         ,           1,     155477886,   155482449, -1            ,       143618,               148181, exon_mane , ENST00000392403
EXON_MANE , ASH1L      , ENSG00000116539,        1,  155335268, 155563162, -1         ,              , exon        , Exon         ,           1,     155521100,   155521618, -1            ,       186832,               187350, exon_mane , ENST00000392403
EXON_MANE , ASH1L      , ENSG00000116539,        1,  155335268, 155563162, -1         ,              , exon        , Exon         ,           1,     155562153,   155562803, -1            ,       227885,               228535, exon_mane , ENST00000392403
EXON_UNION, ASH1L      , ENSG00000116539,        1,  155335268, 155563162, -1         ,              , exon        , Exon         ,           1,     155335268,   155337751, -1            ,         1000,                 3483, exon_union, 
EXON_UNION, ASH1L      , ENSG00000116539,        1,  155335268, 155563162, -1         ,              , exon        , Exon         ,           1,     155338089,   155338405, -1            ,         3821,                 4137, exon_union, 
EXON_UNION, ASH1L      , ENSG00000116539,        1,  155335268, 155563162, -1         ,              , exon        , Exon         ,           1,     155339328,   155339368, -1            ,         5060,                 5100, exon_union, 
EXON_UNION, ASH1L      , ENSG00000116539,        1,  155335268, 155563162, -1         ,              , exon        , Exon         ,           1,     155341936,   155342102, -1            ,         7668,                 7834, exon_union, 
EXON_UNION, ASH1L      , ENSG00000116539,        1,  155335268, 155563162, -1         ,              , exon        , Exon         ,           1,     155343041,   155343486, -1            ,         8773,                 9218, exon_union, 
EXON_UNION, ASH1L      , ENSG00000116539,        1,  155335268, 155563162, -1         ,              , exon        , Exon         ,           1,     155343592,   155343742, -1            ,         9324,                 9474, exon_union, 
EXON_UNION, ASH1L      , ENSG00000116539,        1,  155335268, 155563162, -1         ,              , exon        , Exon         ,           1,     155344183,   155344591, -1            ,         9915,                10323, exon_union, 
EXON_UNION, ASH1L      , ENSG00000116539,        1,  155335268, 155563162, -1         ,              , exon        , Exon         ,           1,     155345963,   155346207, -1            ,        11695,                11939, exon_union, 
EXON_UNION, ASH1L      , ENSG00000116539,        1,  155335268, 155563162, -1         ,              , exon        , Exon         ,           1,     155346383,   155346469, -1            ,        12115,                12201, exon_union, 
EXON_UNION, ASH1L      , ENSG00000116539,        1,  155335268, 155563162, -1         ,              , exon        , Exon         ,           1,     155347656,   155347904, -1            ,        13388,                13636, exon_union, 
EXON_UNION, ASH1L      , ENSG00000116539,        1,  155335268, 155563162, -1         ,              , exon        , Exon         ,           1,     155349327,   155349459, -1            ,        15059,                15191, exon_union, 
EXON_UNION, ASH1L      , ENSG00000116539,        1,  155335268, 155563162, -1         ,              , exon        , Exon         ,           1,     155349542,   155349596, -1            ,        15274,                15328, exon_union, 
EXON_UNION, ASH1L      , ENSG00000116539,        1,  155335268, 155563162, -1         ,              , exon        , Exon         ,           1,     155352706,   155352858, -1            ,        18438,                18590, exon_union, 
EXON_UNION, ASH1L      , ENSG00000116539,        1,  155335268, 155563162, -1         ,              , exon        , Exon         ,           1,     155354473,   155354630, -1            ,        20205,                20362, exon_union, 
EXON_UNION, ASH1L      , ENSG00000116539,        1,  155335268, 155563162, -1         ,              , exon        , Exon         ,           1,     155357316,   155357410, -1            ,        23048,                23142, exon_union, 
EXON_UNION, ASH1L      , ENSG00000116539,        1,  155335268, 155563162, -1         ,              , exon        , Exon         ,           1,     155357585,   155357749, -1            ,        23317,                23481, exon_union, 
EXON_UNION, ASH1L      , ENSG00000116539,        1,  155335268, 155563162, -1         ,              , exon        , Exon         ,           1,     155360301,   155360409, -1            ,        26033,                26141, exon_union, 
EXON_UNION, ASH1L      , ENSG00000116539,        1,  155335268, 155563162, -1         ,              , exon        , Exon         ,           1,     155370147,   155370650, -1            ,        35879,                36382, exon_union, 
EXON_UNION, ASH1L      , ENSG00000116539,        1,  155335268, 155563162, -1         ,              , exon        , Exon         ,           1,     155370777,   155370983, -1            ,        36509,                36715, exon_union, 
EXON_UNION, ASH1L      , ENSG00000116539,        1,  155335268, 155563162, -1         ,              , exon        , Exon         ,           1,     155378281,   155378389, -1            ,        44013,                44121, exon_union, 
EXON_UNION, ASH1L      , ENSG00000116539,        1,  155335268, 155563162, -1         ,              , exon        , Exon         ,           1,     155378503,   155378548, -1            ,        44235,                44280, exon_union, 
EXON_UNION, ASH1L      , ENSG00000116539,        1,  155335268, 155563162, -1         ,              , exon        , Exon         ,           1,     155380043,   155380131, -1            ,        45775,                45863, exon_union, 
EXON_UNION, ASH1L      , ENSG00000116539,        1,  155335268, 155563162, -1         ,              , exon        , Exon         ,           1,     155395459,   155395553, -1            ,        61191,                61285, exon_union, 
EXON_UNION, ASH1L      , ENSG00000116539,        1,  155335268, 155563162, -1         ,              , exon        , Exon         ,           1,     155415744,   155415923, -1            ,        81476,                81655, exon_union, 
EXON_UNION, ASH1L      , ENSG00000116539,        1,  155335268, 155563162, -1         ,              , exon        , Exon         ,           1,     155438327,   155439068, -1            ,       104059,               104800, exon_union, 
EXON_UNION, ASH1L      , ENSG00000116539,        1,  155335268, 155563162, -1         ,              , exon        , Exon         ,           1,     155440490,   155440593, -1            ,       106222,               106325, exon_union, 
EXON_UNION, ASH1L      , ENSG00000116539,        1,  155335268, 155563162, -1         ,              , exon        , Exon         ,           1,     155459797,   155459898, -1            ,       125529,               125630, exon_union, 
EXON_UNION, ASH1L      , ENSG00000116539,        1,  155335268, 155563162, -1         ,              , exon        , Exon         ,           1,     155462453,   155462599, -1            ,       128185,               128331, exon_union, 
EXON_UNION, ASH1L      , ENSG00000116539,        1,  155335268, 155563162, -1         ,              , exon        , Exon         ,           1,     155477886,   155482449, -1            ,       143618,               148181, exon_union, 
EXON_UNION, ASH1L      , ENSG00000116539,        1,  155335268, 155563162, -1         ,              , exon        , Exon         ,           1,     155520225,   155520356, -1            ,       185957,               186088, exon_union, 
EXON_UNION, ASH1L      , ENSG00000116539,        1,  155335268, 155563162, -1         ,              , exon        , Exon         ,           1,     155521100,   155521618, -1            ,       186832,               187350, exon_union, 
EXON_UNION, ASH1L      , ENSG00000116539,        1,  155335268, 155563162, -1         ,              , exon        , Exon         ,           1,     155562153,   155562841, -1            ,       227885,               228573, exon_union, 
EXON_UNION, ASH1L      , ENSG00000116539,        1,  155335268, 155563162, -1         ,              , exon        , Exon         ,           1,     155563073,   155563162, -1            ,       228805,               228894, exon_union, 
REGULATORY, NSD1       , ENSG00000165671,        5,  177131787, 177300213, 1          , ENSR5_94LB9C , regulatory  , Promoter     ,           5,     177131340,   177131840, 1             ,          553,                 1053, regulatory, 
REGULATORY, NSD1       , ENSG00000165671,        5,  177131787, 177300213, 1          , ENSR5_53JMWF4, regulatory  , CTCF         ,           5,     177131886,   177131907, 1             ,         1099,                 1120, regulatory, 
REGULATORY, NSD1       , ENSG00000165671,        5,  177131787, 177300213, 1          , ENSR5_94LB9P , regulatory  , Promoter     ,           5,     177132589,   177133089, 1             ,         1802,                 2302, regulatory, 
REGULATORY, NSD1       , ENSG00000165671,        5,  177131787, 177300213, 1          , ENSR5_CMKKH  , regulatory  , Promoter     ,           5,     177133110,   177134239, 1             ,         2323,                 3452, regulatory, 
REGULATORY, NSD1       , ENSG00000165671,        5,  177131787, 177300213, 1          , ENSR5_53JMWQJ, regulatory  , CTCF         ,           5,     177133927,   177133948, 1             ,         3140,                 3161, regulatory, 
REGULATORY, NSD1       , ENSG00000165671,        5,  177131787, 177300213, 1          , ENSR5_94LBB9 , regulatory  , Promoter     ,           5,     177134596,   177135096, 1             ,         3809,                 4309, regulatory, 
REGULATORY, NSD1       , ENSG00000165671,        5,  177131787, 177300213, 1          , ENSR5_877LTW , regulatory  , Enhancer     ,           5,     177147380,   177147602, 1             ,        16593,                16815, regulatory, 
REGULATORY, NSD1       , ENSG00000165671,        5,  177131787, 177300213, 1          , ENSR5_94LBHW , regulatory  , Enhancer     ,           5,     177154034,   177154326, 1             ,        23247,                23539, regulatory, 
REGULATORY, NSD1       , ENSG00000165671,        5,  177131787, 177300213, 1          , ENSR5_94LBXJ , regulatory  , Enhancer     ,           5,     177194179,   177194676, 1             ,        63392,                63889, regulatory, 
REGULATORY, NSD1       , ENSG00000165671,        5,  177131787, 177300213, 1          , ENSR5_877MWN , regulatory  , Enhancer     ,           5,     177195390,   177195640, 1             ,        64603,                64853, regulatory, 
REGULATORY, NSD1       , ENSG00000165671,        5,  177131787, 177300213, 1          , ENSR5_B3B6ND , regulatory  , Enhancer     ,           5,     177232826,   177233496, 1             ,       102039,               102709, regulatory, 
REGULATORY, NSD1       , ENSG00000165671,        5,  177131787, 177300213, 1          , ENSR5_877PZ5 , regulatory  , Enhancer     ,           5,     177291194,   177291387, 1             ,       160407,               160600, regulatory, 
REGULATORY, NSD1       , ENSG00000165671,        5,  177131787, 177300213, 1          , ENSR5_877Q4B , regulatory  , Enhancer     ,           5,     177296692,   177296923, 1             ,       165905,               166136, regulatory, 
EXON_MANE , NSD1       , ENSG00000165671,        5,  177131787, 177300213, 1          ,              , exon        , Exon         ,           5,     177133773,   177133952, 1             ,         2986,                 3165, exon_mane , ENST00000439151
EXON_MANE , NSD1       , ENSG00000165671,        5,  177131787, 177300213, 1          ,              , exon        , Exon         ,           5,     177135087,   177136030, 1             ,         4300,                 5243, exon_mane , ENST00000439151
EXON_MANE , NSD1       , ENSG00000165671,        5,  177131787, 177300213, 1          ,              , exon        , Exon         ,           5,     177191884,   177192019, 1             ,        61097,                61232, exon_mane , ENST00000439151
EXON_MANE , NSD1       , ENSG00000165671,        5,  177131787, 177300213, 1          ,              , exon        , Exon         ,           5,     177204120,   177204292, 1             ,        73333,                73505, exon_mane , ENST00000439151
EXON_MANE , NSD1       , ENSG00000165671,        5,  177131787, 177300213, 1          ,              , exon        , Exon         ,           5,     177209636,   177212195, 1             ,        78849,                81408, exon_mane , ENST00000439151
EXON_MANE , NSD1       , ENSG00000165671,        5,  177131787, 177300213, 1          ,              , exon        , Exon         ,           5,     177235821,   177235945, 1             ,       105034,               105158, exon_mane , ENST00000439151
EXON_MANE , NSD1       , ENSG00000165671,        5,  177131787, 177300213, 1          ,              , exon        , Exon         ,           5,     177238237,   177238507, 1             ,       107450,               107720, exon_mane , ENST00000439151
EXON_MANE , NSD1       , ENSG00000165671,        5,  177131787, 177300213, 1          ,              , exon        , Exon         ,           5,     177239756,   177239865, 1             ,       108969,               109078, exon_mane , ENST00000439151
EXON_MANE , NSD1       , ENSG00000165671,        5,  177131787, 177300213, 1          ,              , exon        , Exon         ,           5,     177244195,   177244270, 1             ,       113408,               113483, exon_mane , ENST00000439151
EXON_MANE , NSD1       , ENSG00000165671,        5,  177131787, 177300213, 1          ,              , exon        , Exon         ,           5,     177246678,   177246796, 1             ,       115891,               116009, exon_mane , ENST00000439151
EXON_MANE , NSD1       , ENSG00000165671,        5,  177131787, 177300213, 1          ,              , exon        , Exon         ,           5,     177248181,   177248324, 1             ,       117394,               117537, exon_mane , ENST00000439151
EXON_MANE , NSD1       , ENSG00000165671,        5,  177131787, 177300213, 1          ,              , exon        , Exon         ,           5,     177251730,   177251853, 1             ,       120943,               121066, exon_mane , ENST00000439151
EXON_MANE , NSD1       , ENSG00000165671,        5,  177131787, 177300213, 1          ,              , exon        , Exon         ,           5,     177256951,   177257151, 1             ,       126164,               126364, exon_mane , ENST00000439151
EXON_MANE , NSD1       , ENSG00000165671,        5,  177131787, 177300213, 1          ,              , exon        , Exon         ,           5,     177259989,   177260168, 1             ,       129202,               129381, exon_mane , ENST00000439151
EXON_MANE , NSD1       , ENSG00000165671,        5,  177131787, 177300213, 1          ,              , exon        , Exon         ,           5,     177267562,   177267718, 1             ,       136775,               136931, exon_mane , ENST00000439151
EXON_MANE , NSD1       , ENSG00000165671,        5,  177131787, 177300213, 1          ,              , exon        , Exon         ,           5,     177269602,   177269807, 1             ,       138815,               139020, exon_mane , ENST00000439151
EXON_MANE , NSD1       , ENSG00000165671,        5,  177131787, 177300213, 1          ,              , exon        , Exon         ,           5,     177273672,   177273784, 1             ,       142885,               142997, exon_mane , ENST00000439151
EXON_MANE , NSD1       , ENSG00000165671,        5,  177131787, 177300213, 1          ,              , exon        , Exon         ,           5,     177280565,   177280834, 1             ,       149778,               150047, exon_mane , ENST00000439151
EXON_MANE , NSD1       , ENSG00000165671,        5,  177131787, 177300213, 1          ,              , exon        , Exon         ,           5,     177282465,   177282581, 1             ,       151678,               151794, exon_mane , ENST00000439151
EXON_MANE , NSD1       , ENSG00000165671,        5,  177131787, 177300213, 1          ,              , exon        , Exon         ,           5,     177283787,   177283928, 1             ,       153000,               153141, exon_mane , ENST00000439151
EXON_MANE , NSD1       , ENSG00000165671,        5,  177131787, 177300213, 1          ,              , exon        , Exon         ,           5,     177288819,   177288925, 1             ,       158032,               158138, exon_mane , ENST00000439151
EXON_MANE , NSD1       , ENSG00000165671,        5,  177131787, 177300213, 1          ,              , exon        , Exon         ,           5,     177291954,   177292158, 1             ,       161167,               161371, exon_mane , ENST00000439151
EXON_MANE , NSD1       , ENSG00000165671,        5,  177131787, 177300213, 1          ,              , exon        , Exon         ,           5,     177293832,   177300213, 1             ,       163045,               169426, exon_mane , ENST00000439151
EXON_UNION, NSD1       , ENSG00000165671,        5,  177131787, 177300213, 1          ,              , exon        , Exon         ,           5,     177131787,   177131934, 1             ,         1000,                 1147, exon_union, 
EXON_UNION, NSD1       , ENSG00000165671,        5,  177131787, 177300213, 1          ,              , exon        , Exon         ,           5,     177133025,   177133154, 1             ,         2238,                 2367, exon_union, 
EXON_UNION, NSD1       , ENSG00000165671,        5,  177131787, 177300213, 1          ,              , exon        , Exon         ,           5,     177133600,   177133634, 1             ,         2813,                 2847, exon_union, 
EXON_UNION, NSD1       , ENSG00000165671,        5,  177131787, 177300213, 1          ,              , exon        , Exon         ,           5,     177133768,   177133952, 1             ,         2981,                 3165, exon_union, 
EXON_UNION, NSD1       , ENSG00000165671,        5,  177131787, 177300213, 1          ,              , exon        , Exon         ,           5,     177133985,   177134043, 1             ,         3198,                 3256, exon_union, 
EXON_UNION, NSD1       , ENSG00000165671,        5,  177131787, 177300213, 1          ,              , exon        , Exon         ,           5,     177134173,   177134245, 1             ,         3386,                 3458, exon_union, 
EXON_UNION, NSD1       , ENSG00000165671,        5,  177131787, 177300213, 1          ,              , exon        , Exon         ,           5,     177135086,   177136345, 1             ,         4299,                 5558, exon_union, 
EXON_UNION, NSD1       , ENSG00000165671,        5,  177131787, 177300213, 1          ,              , exon        , Exon         ,           5,     177136873,   177137404, 1             ,         6086,                 6617, exon_union, 
EXON_UNION, NSD1       , ENSG00000165671,        5,  177131787, 177300213, 1          ,              , exon        , Exon         ,           5,     177169394,   177169644, 1             ,        38607,                38857, exon_union, 
EXON_UNION, NSD1       , ENSG00000165671,        5,  177131787, 177300213, 1          ,              , exon        , Exon         ,           5,     177187126,   177187480, 1             ,        56339,                56693, exon_union, 
EXON_UNION, NSD1       , ENSG00000165671,        5,  177131787, 177300213, 1          ,              , exon        , Exon         ,           5,     177191884,   177192019, 1             ,        61097,                61232, exon_union, 
EXON_UNION, NSD1       , ENSG00000165671,        5,  177131787, 177300213, 1          ,              , exon        , Exon         ,           5,     177204120,   177204292, 1             ,        73333,                73505, exon_union, 
EXON_UNION, NSD1       , ENSG00000165671,        5,  177131787, 177300213, 1          ,              , exon        , Exon         ,           5,     177209636,   177212195, 1             ,        78849,                81408, exon_union, 
EXON_UNION, NSD1       , ENSG00000165671,        5,  177131787, 177300213, 1          ,              , exon        , Exon         ,           5,     177229765,   177229886, 1             ,        98978,                99099, exon_union, 
EXON_UNION, NSD1       , ENSG00000165671,        5,  177131787, 177300213, 1          ,              , exon        , Exon         ,           5,     177235821,   177235945, 1             ,       105034,               105158, exon_union, 
EXON_UNION, NSD1       , ENSG00000165671,        5,  177131787, 177300213, 1          ,              , exon        , Exon         ,           5,     177238237,   177239205, 1             ,       107450,               108418, exon_union, 
EXON_UNION, NSD1       , ENSG00000165671,        5,  177131787, 177300213, 1          ,              , exon        , Exon         ,           5,     177239756,   177239865, 1             ,       108969,               109078, exon_union, 
EXON_UNION, NSD1       , ENSG00000165671,        5,  177131787, 177300213, 1          ,              , exon        , Exon         ,           5,     177244195,   177244270, 1             ,       113408,               113483, exon_union, 
EXON_UNION, NSD1       , ENSG00000165671,        5,  177131787, 177300213, 1          ,              , exon        , Exon         ,           5,     177246678,   177246796, 1             ,       115891,               116009, exon_union, 
EXON_UNION, NSD1       , ENSG00000165671,        5,  177131787, 177300213, 1          ,              , exon        , Exon         ,           5,     177248181,   177248324, 1             ,       117394,               117537, exon_union, 
EXON_UNION, NSD1       , ENSG00000165671,        5,  177131787, 177300213, 1          ,              , exon        , Exon         ,           5,     177251730,   177251853, 1             ,       120943,               121066, exon_union, 
EXON_UNION, NSD1       , ENSG00000165671,        5,  177131787, 177300213, 1          ,              , exon        , Exon         ,           5,     177256951,   177257151, 1             ,       126164,               126364, exon_union, 
EXON_UNION, NSD1       , ENSG00000165671,        5,  177131787, 177300213, 1          ,              , exon        , Exon         ,           5,     177259989,   177260168, 1             ,       129202,               129381, exon_union, 
EXON_UNION, NSD1       , ENSG00000165671,        5,  177131787, 177300213, 1          ,              , exon        , Exon         ,           5,     177265465,   177267718, 1             ,       134678,               136931, exon_union, 
EXON_UNION, NSD1       , ENSG00000165671,        5,  177131787, 177300213, 1          ,              , exon        , Exon         ,           5,     177269602,   177269807, 1             ,       138815,               139020, exon_union, 
EXON_UNION, NSD1       , ENSG00000165671,        5,  177131787, 177300213, 1          ,              , exon        , Exon         ,           5,     177273672,   177273784, 1             ,       142885,               142997, exon_union, 
EXON_UNION, NSD1       , ENSG00000165671,        5,  177131787, 177300213, 1          ,              , exon        , Exon         ,           5,     177280565,   177282581, 1             ,       149778,               151794, exon_union, 
EXON_UNION, NSD1       , ENSG00000165671,        5,  177131787, 177300213, 1          ,              , exon        , Exon         ,           5,     177283787,   177285364, 1             ,       153000,               154577, exon_union, 
EXON_UNION, NSD1       , ENSG00000165671,        5,  177131787, 177300213, 1          ,              , exon        , Exon         ,           5,     177288526,   177288925, 1             ,       157739,               158138, exon_union, 
EXON_UNION, NSD1       , ENSG00000165671,        5,  177131787, 177300213, 1          ,              , exon        , Exon         ,           5,     177291280,   177292158, 1             ,       160493,               161371, exon_union, 
EXON_UNION, NSD1       , ENSG00000165671,        5,  177131787, 177300213, 1          ,              , exon        , Exon         ,           5,     177293832,   177300213, 1             ,       163045,               169426, exon_union, 
REGULATORY, NSD2       , ENSG00000109685,        4,    1870559,   1982207, 1          , ENSR4_83H43  , regulatory  , Enhancer     ,           4,       1869744,     1869902, 1             ,          185,                  343, regulatory, 
REGULATORY, NSD2       , ENSG00000109685,        4,    1870559,   1982207, 1          , ENSR4_BD2P   , regulatory  , Promoter     ,           4,       1870903,     1871471, 1             ,         1344,                 1912, regulatory, 
REGULATORY, NSD2       , ENSG00000109685,        4,    1870559,   1982207, 1          , ENSR4_C72G   , regulatory  , Enhancer     ,           4,       1871472,     1873347, 1             ,         1913,                 3788, regulatory, 
REGULATORY, NSD2       , ENSG00000109685,        4,    1870559,   1982207, 1          , ENSR4_74ZBW  , regulatory  , Enhancer     ,           4,       1873889,     1874005, 1             ,         4330,                 4446, regulatory, 
REGULATORY, NSD2       , ENSG00000109685,        4,    1870559,   1982207, 1          , ENSR4_9Q4C   , regulatory  , Enhancer     ,           4,       1874296,     1874554, 1             ,         4737,                 4995, regulatory, 
REGULATORY, NSD2       , ENSG00000109685,        4,    1870559,   1982207, 1          , ENSR4_83H94  , regulatory  , Enhancer     ,           4,       1878403,     1878616, 1             ,         8844,                 9057, regulatory, 
REGULATORY, NSD2       , ENSG00000109685,        4,    1870559,   1982207, 1          , ENSR4_83H9R  , regulatory  , Enhancer     ,           4,       1879606,     1879782, 1             ,        10047,                10223, regulatory, 
REGULATORY, NSD2       , ENSG00000109685,        4,    1870559,   1982207, 1          , ENSR4_83HC3  , regulatory  , Enhancer     ,           4,       1881789,     1882014, 1             ,        12230,                12455, regulatory, 
REGULATORY, NSD2       , ENSG00000109685,        4,    1870559,   1982207, 1          , ENSR4_83HGK  , regulatory  , Enhancer     ,           4,       1887894,     1888052, 1             ,        18335,                18493, regulatory, 
REGULATORY, NSD2       , ENSG00000109685,        4,    1870559,   1982207, 1          , ENSR4_83HHP  , regulatory  , Enhancer     ,           4,       1889847,     1890083, 1             ,        20288,                20524, regulatory, 
REGULATORY, NSD2       , ENSG00000109685,        4,    1870559,   1982207, 1          , ENSR4_9QCH   , regulatory  , Promoter     ,           4,       1898854,     1899228, 1             ,        29295,                29669, regulatory, 
REGULATORY, NSD2       , ENSG00000109685,        4,    1870559,   1982207, 1          , ENSR4_BD6S   , regulatory  , Enhancer     ,           4,       1899229,     1899841, 1             ,        29670,                30282, regulatory, 
REGULATORY, NSD2       , ENSG00000109685,        4,    1870559,   1982207, 1          , ENSR4_5G3NK  , regulatory  , CTCF         ,           4,       1899401,     1899422, 1             ,        29842,                29863, regulatory, 
REGULATORY, NSD2       , ENSG00000109685,        4,    1870559,   1982207, 1          , ENSR4_9QG4   , regulatory  , Enhancer     ,           4,       1907867,     1908260, 1             ,        38308,                38701, regulatory, 
REGULATORY, NSD2       , ENSG00000109685,        4,    1870559,   1982207, 1          , ENSR4_5G56X  , regulatory  , CTCF         ,           4,       1908123,     1908144, 1             ,        38564,                38585, regulatory, 
REGULATORY, NSD2       , ENSG00000109685,        4,    1870559,   1982207, 1          , ENSR4_9QGW   , regulatory  , Enhancer     ,           4,       1910687,     1911043, 1             ,        41128,                41484, regulatory, 
REGULATORY, NSD2       , ENSG00000109685,        4,    1870559,   1982207, 1          , ENSR4_9QHL   , regulatory  , Enhancer     ,           4,       1913096,     1913537, 1             ,        43537,                43978, regulatory, 
REGULATORY, NSD2       , ENSG00000109685,        4,    1870559,   1982207, 1          , ENSR4_83J5L  , regulatory  , Enhancer     ,           4,       1919018,     1919199, 1             ,        49459,                49640, regulatory, 
REGULATORY, NSD2       , ENSG00000109685,        4,    1870559,   1982207, 1          , ENSR4_BDDN   , regulatory  , Enhancer     ,           4,       1939756,     1940574, 1             ,        70197,                71015, regulatory, 
REGULATORY, NSD2       , ENSG00000109685,        4,    1870559,   1982207, 1          , ENSR4_9R8C   , regulatory  , Enhancer     ,           4,       1981246,     1981660, 1             ,       111687,               112101, regulatory, 
EXON_MANE , NSD2       , ENSG00000109685,        4,    1870559,   1982207, 1          ,              , exon        , Exon         ,           4,       1871393,     1871542, 1             ,         1834,                 1983, exon_mane , ENST00000508803
EXON_MANE , NSD2       , ENSG00000109685,        4,    1870559,   1982207, 1          ,              , exon        , Exon         ,           4,       1900626,     1901251, 1             ,        31067,                31692, exon_mane , ENST00000508803
EXON_MANE , NSD2       , ENSG00000109685,        4,    1870559,   1982207, 1          ,              , exon        , Exon         ,           4,       1904216,     1904378, 1             ,        34657,                34819, exon_mane , ENST00000508803
EXON_MANE , NSD2       , ENSG00000109685,        4,    1870559,   1982207, 1          ,              , exon        , Exon         ,           4,       1916871,     1917037, 1             ,        47312,                47478, exon_mane , ENST00000508803
EXON_MANE , NSD2       , ENSG00000109685,        4,    1870559,   1982207, 1          ,              , exon        , Exon         ,           4,       1918141,     1918623, 1             ,        48582,                49064, exon_mane , ENST00000508803
EXON_MANE , NSD2       , ENSG00000109685,        4,    1870559,   1982207, 1          ,              , exon        , Exon         ,           4,       1930626,     1930770, 1             ,        61067,                61211, exon_mane , ENST00000508803
EXON_MANE , NSD2       , ENSG00000109685,        4,    1870559,   1982207, 1          ,              , exon        , Exon         ,           4,       1935144,     1935262, 1             ,        65585,                65703, exon_mane , ENST00000508803
EXON_MANE , NSD2       , ENSG00000109685,        4,    1870559,   1982207, 1          ,              , exon        , Exon         ,           4,       1938451,     1938532, 1             ,        68892,                68973, exon_mane , ENST00000508803
EXON_MANE , NSD2       , ENSG00000109685,        4,    1870559,   1982207, 1          ,              , exon        , Exon         ,           4,       1939654,     1939778, 1             ,        70095,                70219, exon_mane , ENST00000508803
EXON_MANE , NSD2       , ENSG00000109685,        4,    1870559,   1982207, 1          ,              , exon        , Exon         ,           4,       1951072,     1951203, 1             ,        81513,                81644, exon_mane , ENST00000508803
EXON_MANE , NSD2       , ENSG00000109685,        4,    1870559,   1982207, 1          ,              , exon        , Exon         ,           4,       1952108,     1952231, 1             ,        82549,                82672, exon_mane , ENST00000508803
EXON_MANE , NSD2       , ENSG00000109685,        4,    1870559,   1982207, 1          ,              , exon        , Exon         ,           4,       1953324,     1953524, 1             ,        83765,                83965, exon_mane , ENST00000508803
EXON_MANE , NSD2       , ENSG00000109685,        4,    1870559,   1982207, 1          ,              , exon        , Exon         ,           4,       1955161,     1955340, 1             ,        85602,                85781, exon_mane , ENST00000508803
EXON_MANE , NSD2       , ENSG00000109685,        4,    1870559,   1982207, 1          ,              , exon        , Exon         ,           4,       1955693,     1955849, 1             ,        86134,                86290, exon_mane , ENST00000508803
EXON_MANE , NSD2       , ENSG00000109685,        4,    1870559,   1982207, 1          ,              , exon        , Exon         ,           4,       1955983,     1956188, 1             ,        86424,                86629, exon_mane , ENST00000508803
EXON_MANE , NSD2       , ENSG00000109685,        4,    1870559,   1982207, 1          ,              , exon        , Exon         ,           4,       1957933,     1958036, 1             ,        88374,                88477, exon_mane , ENST00000508803
EXON_MANE , NSD2       , ENSG00000109685,        4,    1870559,   1982207, 1          ,              , exon        , Exon         ,           4,       1959471,     1959740, 1             ,        89912,                90181, exon_mane , ENST00000508803
EXON_MANE , NSD2       , ENSG00000109685,        4,    1870559,   1982207, 1          ,              , exon        , Exon         ,           4,       1961035,     1961151, 1             ,        91476,                91592, exon_mane , ENST00000508803
EXON_MANE , NSD2       , ENSG00000109685,        4,    1870559,   1982207, 1          ,              , exon        , Exon         ,           4,       1974863,     1975004, 1             ,       105304,               105445, exon_mane , ENST00000508803
EXON_MANE , NSD2       , ENSG00000109685,        4,    1870559,   1982207, 1          ,              , exon        , Exon         ,           4,       1975294,     1975400, 1             ,       105735,               105841, exon_mane , ENST00000508803
EXON_MANE , NSD2       , ENSG00000109685,        4,    1870559,   1982207, 1          ,              , exon        , Exon         ,           4,       1976475,     1976679, 1             ,       106916,               107120, exon_mane , ENST00000508803
EXON_MANE , NSD2       , ENSG00000109685,        4,    1870559,   1982207, 1          ,              , exon        , Exon         ,           4,       1978638,     1982192, 1             ,       109079,               112633, exon_mane , ENST00000508803
EXON_UNION, NSD2       , ENSG00000109685,        4,    1870559,   1982207, 1          ,              , exon        , Exon         ,           4,       1870559,     1871542, 1             ,         1000,                 1983, exon_union, 
EXON_UNION, NSD2       , ENSG00000109685,        4,    1870559,   1982207, 1          ,              , exon        , Exon         ,           4,       1872127,     1872200, 1             ,         2568,                 2641, exon_union, 
EXON_UNION, NSD2       , ENSG00000109685,        4,    1870559,   1982207, 1          ,              , exon        , Exon         ,           4,       1887501,     1887690, 1             ,        17942,                18131, exon_union, 
EXON_UNION, NSD2       , ENSG00000109685,        4,    1870559,   1982207, 1          ,              , exon        , Exon         ,           4,       1892166,     1892265, 1             ,        22607,                22706, exon_union, 
EXON_UNION, NSD2       , ENSG00000109685,        4,    1870559,   1982207, 1          ,              , exon        , Exon         ,           4,       1892782,     1892891, 1             ,        23223,                23332, exon_union, 
EXON_UNION, NSD2       , ENSG00000109685,        4,    1870559,   1982207, 1          ,              , exon        , Exon         ,           4,       1893730,     1893909, 1             ,        24171,                24350, exon_union, 
EXON_UNION, NSD2       , ENSG00000109685,        4,    1870559,   1982207, 1          ,              , exon        , Exon         ,           4,       1899218,     1899395, 1             ,        29659,                29836, exon_union, 
EXON_UNION, NSD2       , ENSG00000109685,        4,    1870559,   1982207, 1          ,              , exon        , Exon         ,           4,       1900619,     1901251, 1             ,        31060,                31692, exon_union, 
EXON_UNION, NSD2       , ENSG00000109685,        4,    1870559,   1982207, 1          ,              , exon        , Exon         ,           4,       1904216,     1904378, 1             ,        34657,                34819, exon_union, 
EXON_UNION, NSD2       , ENSG00000109685,        4,    1870559,   1982207, 1          ,              , exon        , Exon         ,           4,       1912091,     1912194, 1             ,        42532,                42635, exon_union, 
EXON_UNION, NSD2       , ENSG00000109685,        4,    1870559,   1982207, 1          ,              , exon        , Exon         ,           4,       1916871,     1917037, 1             ,        47312,                47478, exon_union, 
EXON_UNION, NSD2       , ENSG00000109685,        4,    1870559,   1982207, 1          ,              , exon        , Exon         ,           4,       1918141,     1919187, 1             ,        48582,                49628, exon_union, 
EXON_UNION, NSD2       , ENSG00000109685,        4,    1870559,   1982207, 1          ,              , exon        , Exon         ,           4,       1930626,     1930770, 1             ,        61067,                61211, exon_union, 
EXON_UNION, NSD2       , ENSG00000109685,        4,    1870559,   1982207, 1          ,              , exon        , Exon         ,           4,       1935144,     1935262, 1             ,        65585,                65703, exon_union, 
EXON_UNION, NSD2       , ENSG00000109685,        4,    1870559,   1982207, 1          ,              , exon        , Exon         ,           4,       1938404,     1938532, 1             ,        68845,                68973, exon_union, 
EXON_UNION, NSD2       , ENSG00000109685,        4,    1870559,   1982207, 1          ,              , exon        , Exon         ,           4,       1939281,     1948818, 1             ,        69722,                79259, exon_union, 
EXON_UNION, NSD2       , ENSG00000109685,        4,    1870559,   1982207, 1          ,              , exon        , Exon         ,           4,       1951072,     1951203, 1             ,        81513,                81644, exon_union, 
EXON_UNION, NSD2       , ENSG00000109685,        4,    1870559,   1982207, 1          ,              , exon        , Exon         ,           4,       1951999,     1952231, 1             ,        82440,                82672, exon_union, 
EXON_UNION, NSD2       , ENSG00000109685,        4,    1870559,   1982207, 1          ,              , exon        , Exon         ,           4,       1952752,     1953524, 1             ,        83193,                83965, exon_union, 
EXON_UNION, NSD2       , ENSG00000109685,        4,    1870559,   1982207, 1          ,              , exon        , Exon         ,           4,       1953814,     1953982, 1             ,        84255,                84423, exon_union, 
EXON_UNION, NSD2       , ENSG00000109685,        4,    1870559,   1982207, 1          ,              , exon        , Exon         ,           4,       1954537,     1954685, 1             ,        84978,                85126, exon_union, 
EXON_UNION, NSD2       , ENSG00000109685,        4,    1870559,   1982207, 1          ,              , exon        , Exon         ,           4,       1955161,     1955340, 1             ,        85602,                85781, exon_union, 
EXON_UNION, NSD2       , ENSG00000109685,        4,    1870559,   1982207, 1          ,              , exon        , Exon         ,           4,       1955579,     1955849, 1             ,        86020,                86290, exon_union, 
EXON_UNION, NSD2       , ENSG00000109685,        4,    1870559,   1982207, 1          ,              , exon        , Exon         ,           4,       1955983,     1956188, 1             ,        86424,                86629, exon_union, 
EXON_UNION, NSD2       , ENSG00000109685,        4,    1870559,   1982207, 1          ,              , exon        , Exon         ,           4,       1957933,     1958036, 1             ,        88374,                88477, exon_union, 
EXON_UNION, NSD2       , ENSG00000109685,        4,    1870559,   1982207, 1          ,              , exon        , Exon         ,           4,       1959296,     1959740, 1             ,        89737,                90181, exon_union, 
EXON_UNION, NSD2       , ENSG00000109685,        4,    1870559,   1982207, 1          ,              , exon        , Exon         ,           4,       1961035,     1961151, 1             ,        91476,                91592, exon_union, 
EXON_UNION, NSD2       , ENSG00000109685,        4,    1870559,   1982207, 1          ,              , exon        , Exon         ,           4,       1974633,     1975004, 1             ,       105074,               105445, exon_union, 
EXON_UNION, NSD2       , ENSG00000109685,        4,    1870559,   1982207, 1          ,              , exon        , Exon         ,           4,       1975294,     1975646, 1             ,       105735,               106087, exon_union, 
EXON_UNION, NSD2       , ENSG00000109685,        4,    1870559,   1982207, 1          ,              , exon        , Exon         ,           4,       1976353,     1976679, 1             ,       106794,               107120, exon_union, 
EXON_UNION, NSD2       , ENSG00000109685,        4,    1870559,   1982207, 1          ,              , exon        , Exon         ,           4,       1978638,     1982207, 1             ,       109079,               112648, exon_union, 
REGULATORY, NSD3       , ENSG00000147548,        8,   38269704,  38382279, -1         , ENSR8_B9L3M  , regulatory  , Promoter     ,           8,      38269130,    38269733, -1            ,          426,                 1029, regulatory, 
REGULATORY, NSD3       , ENSG00000147548,        8,   38269704,  38382279, -1         , ENSR8_9K786  , regulatory  , Enhancer     ,           8,      38279085,    38279402, -1            ,        10381,                10698, regulatory, 
REGULATORY, NSD3       , ENSG00000147548,        8,   38269704,  38382279, -1         , ENSR8_9K7BC  , regulatory  , Enhancer     ,           8,      38286680,    38286975, -1            ,        17976,                18271, regulatory, 
REGULATORY, NSD3       , ENSG00000147548,        8,   38269704,  38382279, -1         , ENSR8_835DZP , regulatory  , Enhancer     ,           8,      38303995,    38304167, -1            ,        35291,                35463, regulatory, 
REGULATORY, NSD3       , ENSG00000147548,        8,   38269704,  38382279, -1         , ENSR8_9K7QK  , regulatory  , Enhancer     ,           8,      38328906,    38329241, -1            ,        60202,                60537, regulatory, 
REGULATORY, NSD3       , ENSG00000147548,        8,   38269704,  38382279, -1         , ENSR8_9K7WW  , regulatory  , Enhancer     ,           8,      38343817,    38344133, -1            ,        75113,                75429, regulatory, 
REGULATORY, NSD3       , ENSG00000147548,        8,   38269704,  38382279, -1         , ENSR8_835G66 , regulatory  , Enhancer     ,           8,      38358326,    38358544, -1            ,        89622,                89840, regulatory, 
REGULATORY, NSD3       , ENSG00000147548,        8,   38269704,  38382279, -1         , ENSR8_9K84F  , regulatory  , Enhancer     ,           8,      38359397,    38359771, -1            ,        90693,                91067, regulatory, 
REGULATORY, NSD3       , ENSG00000147548,        8,   38269704,  38382279, -1         , ENSR8_B9LK7  , regulatory  , Enhancer     ,           8,      38362734,    38363381, -1            ,        94030,                94677, regulatory, 
REGULATORY, NSD3       , ENSG00000147548,        8,   38269704,  38382279, -1         , ENSR8_835G97 , regulatory  , Enhancer     ,           8,      38363616,    38363756, -1            ,        94912,                95052, regulatory, 
REGULATORY, NSD3       , ENSG00000147548,        8,   38269704,  38382279, -1         , ENSR8_9K873  , regulatory  , Enhancer     ,           8,      38368594,    38368921, -1            ,        99890,               100217, regulatory, 
REGULATORY, NSD3       , ENSG00000147548,        8,   38269704,  38382279, -1         , ENSR8_748X82 , regulatory  , Enhancer     ,           8,      38379720,    38379822, -1            ,       111016,               111118, regulatory, 
REGULATORY, NSD3       , ENSG00000147548,        8,   38269704,  38382279, -1         , ENSR8_C5RSD  , regulatory  , Enhancer     ,           8,      38379978,    38381835, -1            ,       111274,               113131, regulatory, 
REGULATORY, NSD3       , ENSG00000147548,        8,   38269704,  38382279, -1         , ENSR8_B9LMZ  , regulatory  , Promoter     ,           8,      38381836,    38382374, -1            ,       113132,               113670, regulatory, 
REGULATORY, NSD3       , ENSG00000147548,        8,   38269704,  38382279, -1         , ENSR8_D3WF9  , regulatory  , Enhancer     ,           8,      38382375,    38384812, -1            ,       113671,               116108, regulatory, 
EXON_MANE , NSD3       , ENSG00000147548,        8,   38269704,  38382279, -1         ,              , exon        , Exon         ,           8,      38269704,    38275882, -1            ,         1000,                 7178, exon_mane , ENST00000317025
EXON_MANE , NSD3       , ENSG00000147548,        8,   38269704,  38382279, -1         ,              , exon        , Exon         ,           8,      38276296,    38276500, -1            ,         7592,                 7796, exon_mane , ENST00000317025
EXON_MANE , NSD3       , ENSG00000147548,        8,   38269704,  38382279, -1         ,              , exon        , Exon         ,           8,      38278306,    38278412, -1            ,         9602,                 9708, exon_mane , ENST00000317025
EXON_MANE , NSD3       , ENSG00000147548,        8,   38269704,  38382279, -1         ,              , exon        , Exon         ,           8,      38279540,    38279681, -1            ,        10836,                10977, exon_mane , ENST00000317025
EXON_MANE , NSD3       , ENSG00000147548,        8,   38269704,  38382279, -1         ,              , exon        , Exon         ,           8,      38281467,    38281583, -1            ,        12763,                12879, exon_mane , ENST00000317025
EXON_MANE , NSD3       , ENSG00000147548,        8,   38269704,  38382279, -1         ,              , exon        , Exon         ,           8,      38288487,    38288756, -1            ,        19783,                20052, exon_mane , ENST00000317025
EXON_MANE , NSD3       , ENSG00000147548,        8,   38269704,  38382279, -1         ,              , exon        , Exon         ,           8,      38289393,    38289505, -1            ,        20689,                20801, exon_mane , ENST00000317025
EXON_MANE , NSD3       , ENSG00000147548,        8,   38269704,  38382279, -1         ,              , exon        , Exon         ,           8,      38290475,    38290677, -1            ,        21771,                21973, exon_mane , ENST00000317025
EXON_MANE , NSD3       , ENSG00000147548,        8,   38269704,  38382279, -1         ,              , exon        , Exon         ,           8,      38295796,    38295952, -1            ,        27092,                27248, exon_mane , ENST00000317025
EXON_MANE , NSD3       , ENSG00000147548,        8,   38269704,  38382279, -1         ,              , exon        , Exon         ,           8,      38299444,    38299590, -1            ,        30740,                30886, exon_mane , ENST00000317025
EXON_MANE , NSD3       , ENSG00000147548,        8,   38269704,  38382279, -1         ,              , exon        , Exon         ,           8,      38304587,    38304757, -1            ,        35883,                36053, exon_mane , ENST00000317025
EXON_MANE , NSD3       , ENSG00000147548,        8,   38269704,  38382279, -1         ,              , exon        , Exon         ,           8,      38305248,    38305445, -1            ,        36544,                36741, exon_mane , ENST00000317025
EXON_MANE , NSD3       , ENSG00000147548,        8,   38269704,  38382279, -1         ,              , exon        , Exon         ,           8,      38314647,    38314773, -1            ,        45943,                46069, exon_mane , ENST00000317025
EXON_MANE , NSD3       , ENSG00000147548,        8,   38269704,  38382279, -1         ,              , exon        , Exon         ,           8,      38315416,    38315544, -1            ,        46712,                46840, exon_mane , ENST00000317025
EXON_MANE , NSD3       , ENSG00000147548,        8,   38269704,  38382279, -1         ,              , exon        , Exon         ,           8,      38315912,    38316042, -1            ,        47208,                47338, exon_mane , ENST00000317025
EXON_MANE , NSD3       , ENSG00000147548,        8,   38269704,  38382279, -1         ,              , exon        , Exon         ,           8,      38318895,    38318940, -1            ,        50191,                50236, exon_mane , ENST00000317025
EXON_MANE , NSD3       , ENSG00000147548,        8,   38269704,  38382279, -1         ,              , exon        , Exon         ,           8,      38321072,    38321172, -1            ,        52368,                52468, exon_mane , ENST00000317025
EXON_MANE , NSD3       , ENSG00000147548,        8,   38269704,  38382279, -1         ,              , exon        , Exon         ,           8,      38326730,    38326856, -1            ,        58026,                58152, exon_mane , ENST00000317025
EXON_MANE , NSD3       , ENSG00000147548,        8,   38269704,  38382279, -1         ,              , exon        , Exon         ,           8,      38329378,    38329893, -1            ,        60674,                61189, exon_mane , ENST00000317025
EXON_MANE , NSD3       , ENSG00000147548,        8,   38269704,  38382279, -1         ,              , exon        , Exon         ,           8,      38331431,    38331585, -1            ,        62727,                62881, exon_mane , ENST00000317025
EXON_MANE , NSD3       , ENSG00000147548,        8,   38269704,  38382279, -1         ,              , exon        , Exon         ,           8,      38337305,    38337467, -1            ,        68601,                68763, exon_mane , ENST00000317025
EXON_MANE , NSD3       , ENSG00000147548,        8,   38269704,  38382279, -1         ,              , exon        , Exon         ,           8,      38338536,    38338607, -1            ,        69832,                69903, exon_mane , ENST00000317025
EXON_MANE , NSD3       , ENSG00000147548,        8,   38269704,  38382279, -1         ,              , exon        , Exon         ,           8,      38347497,    38348215, -1            ,        78793,                79511, exon_mane , ENST00000317025
EXON_MANE , NSD3       , ENSG00000147548,        8,   38269704,  38382279, -1         ,              , exon        , Exon         ,           8,      38381799,    38382271, -1            ,       113095,               113567, exon_mane , ENST00000317025
EXON_UNION, NSD3       , ENSG00000147548,        8,   38269704,  38382279, -1         ,              , exon        , Exon         ,           8,      38269704,    38275882, -1            ,         1000,                 7178, exon_union, 
EXON_UNION, NSD3       , ENSG00000147548,        8,   38269704,  38382279, -1         ,              , exon        , Exon         ,           8,      38276296,    38276500, -1            ,         7592,                 7796, exon_union, 
EXON_UNION, NSD3       , ENSG00000147548,        8,   38269704,  38382279, -1         ,              , exon        , Exon         ,           8,      38278306,    38278412, -1            ,         9602,                 9708, exon_union, 
EXON_UNION, NSD3       , ENSG00000147548,        8,   38269704,  38382279, -1         ,              , exon        , Exon         ,           8,      38279540,    38280210, -1            ,        10836,                11506, exon_union, 
EXON_UNION, NSD3       , ENSG00000147548,        8,   38269704,  38382279, -1         ,              , exon        , Exon         ,           8,      38281467,    38281583, -1            ,        12763,                12879, exon_union, 
EXON_UNION, NSD3       , ENSG00000147548,        8,   38269704,  38382279, -1         ,              , exon        , Exon         ,           8,      38288487,    38288756, -1            ,        19783,                20052, exon_union, 
EXON_UNION, NSD3       , ENSG00000147548,        8,   38269704,  38382279, -1         ,              , exon        , Exon         ,           8,      38289393,    38289505, -1            ,        20689,                20801, exon_union, 
EXON_UNION, NSD3       , ENSG00000147548,        8,   38269704,  38382279, -1         ,              , exon        , Exon         ,           8,      38290475,    38290748, -1            ,        21771,                22044, exon_union, 
EXON_UNION, NSD3       , ENSG00000147548,        8,   38269704,  38382279, -1         ,              , exon        , Exon         ,           8,      38295796,    38295979, -1            ,        27092,                27275, exon_union, 
EXON_UNION, NSD3       , ENSG00000147548,        8,   38269704,  38382279, -1         ,              , exon        , Exon         ,           8,      38299444,    38299794, -1            ,        30740,                31090, exon_union, 
EXON_UNION, NSD3       , ENSG00000147548,        8,   38269704,  38382279, -1         ,              , exon        , Exon         ,           8,      38304587,    38304757, -1            ,        35883,                36053, exon_union, 
EXON_UNION, NSD3       , ENSG00000147548,        8,   38269704,  38382279, -1         ,              , exon        , Exon         ,           8,      38305248,    38305445, -1            ,        36544,                36741, exon_union, 
EXON_UNION, NSD3       , ENSG00000147548,        8,   38269704,  38382279, -1         ,              , exon        , Exon         ,           8,      38314647,    38314773, -1            ,        45943,                46069, exon_union, 
EXON_UNION, NSD3       , ENSG00000147548,        8,   38269704,  38382279, -1         ,              , exon        , Exon         ,           8,      38315416,    38315544, -1            ,        46712,                46840, exon_union, 
EXON_UNION, NSD3       , ENSG00000147548,        8,   38269704,  38382279, -1         ,              , exon        , Exon         ,           8,      38315912,    38316042, -1            ,        47208,                47338, exon_union, 
EXON_UNION, NSD3       , ENSG00000147548,        8,   38269704,  38382279, -1         ,              , exon        , Exon         ,           8,      38316417,    38318038, -1            ,        47713,                49334, exon_union, 
EXON_UNION, NSD3       , ENSG00000147548,        8,   38269704,  38382279, -1         ,              , exon        , Exon         ,           8,      38318895,    38319291, -1            ,        50191,                50587, exon_union, 
EXON_UNION, NSD3       , ENSG00000147548,        8,   38269704,  38382279, -1         ,              , exon        , Exon         ,           8,      38319755,    38321172, -1            ,        51051,                52468, exon_union, 
EXON_UNION, NSD3       , ENSG00000147548,        8,   38269704,  38382279, -1         ,              , exon        , Exon         ,           8,      38326730,    38326856, -1            ,        58026,                58152, exon_union, 
EXON_UNION, NSD3       , ENSG00000147548,        8,   38269704,  38382279, -1         ,              , exon        , Exon         ,           8,      38329378,    38329893, -1            ,        60674,                61189, exon_union, 
EXON_UNION, NSD3       , ENSG00000147548,        8,   38269704,  38382279, -1         ,              , exon        , Exon         ,           8,      38331431,    38331585, -1            ,        62727,                62881, exon_union, 
EXON_UNION, NSD3       , ENSG00000147548,        8,   38269704,  38382279, -1         ,              , exon        , Exon         ,           8,      38337305,    38337467, -1            ,        68601,                68763, exon_union, 
EXON_UNION, NSD3       , ENSG00000147548,        8,   38269704,  38382279, -1         ,              , exon        , Exon         ,           8,      38338536,    38338607, -1            ,        69832,                69903, exon_union, 
EXON_UNION, NSD3       , ENSG00000147548,        8,   38269704,  38382279, -1         ,              , exon        , Exon         ,           8,      38347497,    38348215, -1            ,        78793,                79511, exon_union, 
EXON_UNION, NSD3       , ENSG00000147548,        8,   38269704,  38382279, -1         ,              , exon        , Exon         ,           8,      38363873,    38363900, -1            ,        95169,                95196, exon_union, 
EXON_UNION, NSD3       , ENSG00000147548,        8,   38269704,  38382279, -1         ,              , exon        , Exon         ,           8,      38380610,    38380821, -1            ,       111906,               112117, exon_union, 
EXON_UNION, NSD3       , ENSG00000147548,        8,   38269704,  38382279, -1         ,              , exon        , Exon         ,           8,      38381590,    38381731, -1            ,       112886,               113027, exon_union, 
EXON_UNION, NSD3       , ENSG00000147548,        8,   38269704,  38382279, -1         ,              , exon        , Exon         ,           8,      38381799,    38382279, -1            ,       113095,               113575, exon_union, 
REGULATORY, SETD2      , ENSG00000181555,        3,   47016428,  47164113, -1         , ENSR3_83DBR9 , regulatory  , Enhancer     ,           3,      47019279,    47019482, -1            ,         3851,                 4054, regulatory, 
REGULATORY, SETD2      , ENSG00000181555,        3,   47016428,  47164113, -1         , ENSR3_83DBSX , regulatory  , Enhancer     ,           3,      47022178,    47022325, -1            ,         6750,                 6897, regulatory, 
REGULATORY, SETD2      , ENSG00000181555,        3,   47016428,  47164113, -1         , ENSR3_BCBZ3  , regulatory  , Enhancer     ,           3,      47022534,    47023096, -1            ,         7106,                 7668, regulatory, 
REGULATORY, SETD2      , ENSG00000181555,        3,   47016428,  47164113, -1         , ENSR3_9NMXS  , regulatory  , Enhancer     ,           3,      47025024,    47025320, -1            ,         9596,                 9892, regulatory, 
REGULATORY, SETD2      , ENSG00000181555,        3,   47016428,  47164113, -1         , ENSR3_9NN3W  , regulatory  , Enhancer     ,           3,      47035660,    47036071, -1            ,        20232,                20643, regulatory, 
REGULATORY, SETD2      , ENSG00000181555,        3,   47016428,  47164113, -1         , ENSR3_9NN4K  , regulatory  , Enhancer     ,           3,      47037897,    47038309, -1            ,        22469,                22881, regulatory, 
REGULATORY, SETD2      , ENSG00000181555,        3,   47016428,  47164113, -1         , ENSR3_9NNKG  , regulatory  , Enhancer     ,           3,      47082511,    47082895, -1            ,        67083,                67467, regulatory, 
REGULATORY, SETD2      , ENSG00000181555,        3,   47016428,  47164113, -1         , ENSR3_5F42ZM , regulatory  , CTCF         ,           3,      47087483,    47087504, -1            ,        72055,                72076, regulatory, 
REGULATORY, SETD2      , ENSG00000181555,        3,   47016428,  47164113, -1         , ENSR3_83DDGB , regulatory  , Enhancer     ,           3,      47097064,    47097271, -1            ,        81636,                81843, regulatory, 
REGULATORY, SETD2      , ENSG00000181555,        3,   47016428,  47164113, -1         , ENSR3_83DDNZ , regulatory  , Enhancer     ,           3,      47108615,    47108846, -1            ,        93187,                93418, regulatory, 
REGULATORY, SETD2      , ENSG00000181555,        3,   47016428,  47164113, -1         , ENSR3_9NP7F  , regulatory  , Enhancer     ,           3,      47141108,    47141488, -1            ,       125680,               126060, regulatory, 
REGULATORY, SETD2      , ENSG00000181555,        3,   47016428,  47164113, -1         , ENSR3_83DFMJ , regulatory  , Enhancer     ,           3,      47152793,    47152932, -1            ,       137365,               137504, regulatory, 
REGULATORY, SETD2      , ENSG00000181555,        3,   47016428,  47164113, -1         , ENSR3_C6NCN  , regulatory  , Enhancer     ,           3,      47162081,    47163871, -1            ,       146653,               148443, regulatory, 
REGULATORY, SETD2      , ENSG00000181555,        3,   47016428,  47164113, -1         , ENSR3_BCCPJ  , regulatory  , Promoter     ,           3,      47163872,    47164507, -1            ,       148444,               149079, regulatory, 
REGULATORY, SETD2      , ENSG00000181555,        3,   47016428,  47164113, -1         , ENSR3_5F4J5T , regulatory  , CTCF         ,           3,      47164207,    47164228, -1            ,       148779,               148800, regulatory, 
REGULATORY, SETD2      , ENSG00000181555,        3,   47016428,  47164113, -1         , ENSR3_5F4J6L , regulatory  , CTCF         ,           3,      47164372,    47164393, -1            ,       148944,               148965, regulatory, 
REGULATORY, SETD2      , ENSG00000181555,        3,   47016428,  47164113, -1         , ENSR3_C6NCS  , regulatory  , Enhancer     ,           3,      47164508,    47165635, -1            ,       149080,               150207, regulatory, 
EXON_MANE , SETD2      , ENSG00000181555,        3,   47016428,  47164113, -1         ,              , exon        , Exon         ,           3,      47016436,    47017254, -1            ,         1008,                 1826, exon_mane , ENST00000409792
EXON_MANE , SETD2      , ENSG00000181555,        3,   47016428,  47164113, -1         ,              , exon        , Exon         ,           3,      47017638,    47017739, -1            ,         2210,                 2311, exon_mane , ENST00000409792
EXON_MANE , SETD2      , ENSG00000181555,        3,   47016428,  47164113, -1         ,              , exon        , Exon         ,           3,      47019760,    47019840, -1            ,         4332,                 4412, exon_mane , ENST00000409792
EXON_MANE , SETD2      , ENSG00000181555,        3,   47016428,  47164113, -1         ,              , exon        , Exon         ,           3,      47037666,    47037777, -1            ,        22238,                22349, exon_mane , ENST00000409792
EXON_MANE , SETD2      , ENSG00000181555,        3,   47016428,  47164113, -1         ,              , exon        , Exon         ,           3,      47042561,    47042700, -1            ,        27133,                27272, exon_mane , ENST00000409792
EXON_MANE , SETD2      , ENSG00000181555,        3,   47016428,  47164113, -1         ,              , exon        , Exon         ,           3,      47046487,    47046621, -1            ,        31059,                31193, exon_mane , ENST00000409792
EXON_MANE , SETD2      , ENSG00000181555,        3,   47016428,  47164113, -1         ,              , exon        , Exon         ,           3,      47056821,    47057490, -1            ,        41393,                42062, exon_mane , ENST00000409792
EXON_MANE , SETD2      , ENSG00000181555,        3,   47016428,  47164113, -1         ,              , exon        , Exon         ,           3,      47062163,    47062346, -1            ,        46735,                46918, exon_mane , ENST00000409792
EXON_MANE , SETD2      , ENSG00000181555,        3,   47016428,  47164113, -1         ,              , exon        , Exon         ,           3,      47067070,    47067118, -1            ,        51642,                51690, exon_mane , ENST00000409792
EXON_MANE , SETD2      , ENSG00000181555,        3,   47016428,  47164113, -1         ,              , exon        , Exon         ,           3,      47083720,    47084382, -1            ,        68292,                68954, exon_mane , ENST00000409792
EXON_MANE , SETD2      , ENSG00000181555,        3,   47016428,  47164113, -1         ,              , exon        , Exon         ,           3,      47086195,    47086314, -1            ,        70767,                70886, exon_mane , ENST00000409792
EXON_MANE , SETD2      , ENSG00000181555,        3,   47016428,  47164113, -1         ,              , exon        , Exon         ,           3,      47088113,    47088247, -1            ,        72685,                72819, exon_mane , ENST00000409792
EXON_MANE , SETD2      , ENSG00000181555,        3,   47016428,  47164113, -1         ,              , exon        , Exon         ,           3,      47097955,    47098081, -1            ,        82527,                82653, exon_mane , ENST00000409792
EXON_MANE , SETD2      , ENSG00000181555,        3,   47016428,  47164113, -1         ,              , exon        , Exon         ,           3,      47101458,    47101555, -1            ,        86030,                86127, exon_mane , ENST00000409792
EXON_MANE , SETD2      , ENSG00000181555,        3,   47016428,  47164113, -1         ,              , exon        , Exon         ,           3,      47103346,    47103423, -1            ,        87918,                87995, exon_mane , ENST00000409792
EXON_MANE , SETD2      , ENSG00000181555,        3,   47016428,  47164113, -1         ,              , exon        , Exon         ,           3,      47105997,    47106120, -1            ,        90569,                90692, exon_mane , ENST00000409792
EXON_MANE , SETD2      , ENSG00000181555,        3,   47016428,  47164113, -1         ,              , exon        , Exon         ,           3,      47113876,    47114004, -1            ,        98448,                98576, exon_mane , ENST00000409792
EXON_MANE , SETD2      , ENSG00000181555,        3,   47016428,  47164113, -1         ,              , exon        , Exon         ,           3,      47116623,    47116754, -1            ,       101195,               101326, exon_mane , ENST00000409792
EXON_MANE , SETD2      , ENSG00000181555,        3,   47016428,  47164113, -1         ,              , exon        , Exon         ,           3,      47120182,    47124548, -1            ,       104754,               109120, exon_mane , ENST00000409792
EXON_MANE , SETD2      , ENSG00000181555,        3,   47016428,  47164113, -1         ,              , exon        , Exon         ,           3,      47126648,    47126663, -1            ,       111220,               111235, exon_mane , ENST00000409792
EXON_MANE , SETD2      , ENSG00000181555,        3,   47016428,  47164113, -1         ,              , exon        , Exon         ,           3,      47163854,    47164113, -1            ,       148426,               148685, exon_mane , ENST00000409792
EXON_UNION, SETD2      , ENSG00000181555,        3,   47016428,  47164113, -1         ,              , exon        , Exon         ,           3,      47016428,    47017254, -1            ,         1000,                 1826, exon_union, 
EXON_UNION, SETD2      , ENSG00000181555,        3,   47016428,  47164113, -1         ,              , exon        , Exon         ,           3,      47017638,    47017739, -1            ,         2210,                 2311, exon_union, 
EXON_UNION, SETD2      , ENSG00000181555,        3,   47016428,  47164113, -1         ,              , exon        , Exon         ,           3,      47019760,    47019840, -1            ,         4332,                 4412, exon_union, 
EXON_UNION, SETD2      , ENSG00000181555,        3,   47016428,  47164113, -1         ,              , exon        , Exon         ,           3,      47028228,    47028308, -1            ,        12800,                12880, exon_union, 
EXON_UNION, SETD2      , ENSG00000181555,        3,   47016428,  47164113, -1         ,              , exon        , Exon         ,           3,      47037665,    47037777, -1            ,        22237,                22349, exon_union, 
EXON_UNION, SETD2      , ENSG00000181555,        3,   47016428,  47164113, -1         ,              , exon        , Exon         ,           3,      47041360,    47041483, -1            ,        25932,                26055, exon_union, 
EXON_UNION, SETD2      , ENSG00000181555,        3,   47016428,  47164113, -1         ,              , exon        , Exon         ,           3,      47042561,    47042700, -1            ,        27133,                27272, exon_union, 
EXON_UNION, SETD2      , ENSG00000181555,        3,   47016428,  47164113, -1         ,              , exon        , Exon         ,           3,      47046487,    47047027, -1            ,        31059,                31599, exon_union, 
EXON_UNION, SETD2      , ENSG00000181555,        3,   47016428,  47164113, -1         ,              , exon        , Exon         ,           3,      47056821,    47057490, -1            ,        41393,                42062, exon_union, 
EXON_UNION, SETD2      , ENSG00000181555,        3,   47016428,  47164113, -1         ,              , exon        , Exon         ,           3,      47061401,    47061494, -1            ,        45973,                46066, exon_union, 
EXON_UNION, SETD2      , ENSG00000181555,        3,   47016428,  47164113, -1         ,              , exon        , Exon         ,           3,      47062160,    47062346, -1            ,        46732,                46918, exon_union, 
EXON_UNION, SETD2      , ENSG00000181555,        3,   47016428,  47164113, -1         ,              , exon        , Exon         ,           3,      47064555,    47064630, -1            ,        49127,                49202, exon_union, 
EXON_UNION, SETD2      , ENSG00000181555,        3,   47016428,  47164113, -1         ,              , exon        , Exon         ,           3,      47067070,    47067397, -1            ,        51642,                51969, exon_union, 
EXON_UNION, SETD2      , ENSG00000181555,        3,   47016428,  47164113, -1         ,              , exon        , Exon         ,           3,      47073005,    47073147, -1            ,        57577,                57719, exon_union, 
EXON_UNION, SETD2      , ENSG00000181555,        3,   47016428,  47164113, -1         ,              , exon        , Exon         ,           3,      47079512,    47081083, -1            ,        64084,                65655, exon_union, 
EXON_UNION, SETD2      , ENSG00000181555,        3,   47016428,  47164113, -1         ,              , exon        , Exon         ,           3,      47083720,    47084382, -1            ,        68292,                68954, exon_union, 
EXON_UNION, SETD2      , ENSG00000181555,        3,   47016428,  47164113, -1         ,              , exon        , Exon         ,           3,      47086195,    47086698, -1            ,        70767,                71270, exon_union, 
EXON_UNION, SETD2      , ENSG00000181555,        3,   47016428,  47164113, -1         ,              , exon        , Exon         ,           3,      47088113,    47088247, -1            ,        72685,                72819, exon_union, 
EXON_UNION, SETD2      , ENSG00000181555,        3,   47016428,  47164113, -1         ,              , exon        , Exon         ,           3,      47097955,    47099940, -1            ,        82527,                84512, exon_union, 
EXON_UNION, SETD2      , ENSG00000181555,        3,   47016428,  47164113, -1         ,              , exon        , Exon         ,           3,      47101458,    47101555, -1            ,        86030,                86127, exon_union, 
EXON_UNION, SETD2      , ENSG00000181555,        3,   47016428,  47164113, -1         ,              , exon        , Exon         ,           3,      47103346,    47103423, -1            ,        87918,                87995, exon_union, 
EXON_UNION, SETD2      , ENSG00000181555,        3,   47016428,  47164113, -1         ,              , exon        , Exon         ,           3,      47105997,    47106120, -1            ,        90569,                90692, exon_union, 
EXON_UNION, SETD2      , ENSG00000181555,        3,   47016428,  47164113, -1         ,              , exon        , Exon         ,           3,      47113876,    47114004, -1            ,        98448,                98576, exon_union, 
EXON_UNION, SETD2      , ENSG00000181555,        3,   47016428,  47164113, -1         ,              , exon        , Exon         ,           3,      47116623,    47117013, -1            ,       101195,               101585, exon_union, 
EXON_UNION, SETD2      , ENSG00000181555,        3,   47016428,  47164113, -1         ,              , exon        , Exon         ,           3,      47119452,    47119780, -1            ,       104024,               104352, exon_union, 
EXON_UNION, SETD2      , ENSG00000181555,        3,   47016428,  47164113, -1         ,              , exon        , Exon         ,           3,      47120182,    47124548, -1            ,       104754,               109120, exon_union, 
EXON_UNION, SETD2      , ENSG00000181555,        3,   47016428,  47164113, -1         ,              , exon        , Exon         ,           3,      47126648,    47126663, -1            ,       111220,               111235, exon_union, 
EXON_UNION, SETD2      , ENSG00000181555,        3,   47016428,  47164113, -1         ,              , exon        , Exon         ,           3,      47163428,    47163576, -1            ,       148000,               148148, exon_union, 
EXON_UNION, SETD2      , ENSG00000181555,        3,   47016428,  47164113, -1         ,              , exon        , Exon         ,           3,      47163854,    47164113, -1            ,       148426,               148685, exon_union, 
